event_id,time_ms,time_utc,longitude_deg,latitude_deg,depth_km,magnitude,magnitude_type,event_type,place,network,status
us6000pgsd,1735706358208,2025-01-01T04:39:18.208Z,169.3819,-20.9273,22.0,5.5,mww,earthquake,"153 km S of Isangel, Vanuatu",us,reviewed
us6000pgtj,1735718987701,2025-01-01T08:09:47.701Z,40.0976,9.0855,10.0,5.0,mww,earthquake,"13 km NW of Āwash, Ethiopia",us,reviewed
us6000pgu0,1735724382334,2025-01-01T09:39:42.334Z,151.7147,-3.8338,10.0,5.0,mww,earthquake,"64 km NW of Rabaul, Papua New Guinea",us,reviewed
us6000pgup,1735734382490,2025-01-01T12:26:22.490Z,151.6971,-3.7219,10.0,5.1,mww,earthquake,"74 km NW of Rabaul, Papua New Guinea",us,reviewed
us6000pgv4,1735739304752,2025-01-01T13:48:24.752Z,-26.7059,-56.4095,70.0,6.1,mww,earthquake,South Sandwich Islands region,us,reviewed
us6000pgx1,1735756071182,2025-01-01T18:27:51.182Z,-100.6636,-36.1244,10.0,5.3,mww,earthquake,southeast of Easter Island,us,reviewed
us6000pgy5,1735766861595,2025-01-01T21:27:41.595Z,-16.0574,-42.4343,10.0,5.2,mb,earthquake,southern Mid-Atlantic Ridge,us,reviewed
us6000pgz5,1735780264639,2025-01-02T01:11:04.639Z,-173.8784,-21.3225,10.0,5.1,mb,earthquake,"111 km E of ‘Ohonua, Tonga",us,reviewed
us6000pgzq,1735786457931,2025-01-02T02:54:17.931Z,155.7048,-62.3342,10.0,5.5,mww,earthquake,Balleny Islands region,us,reviewed
us6000ph0e,1735795943434,2025-01-02T05:32:23.434Z,125.1945,-0.2006,56.271,5.1,mb,earthquake,"110 km SE of Modisi, Indonesia",us,reviewed
us6000ph16,1735801599333,2025-01-02T07:06:39.333Z,151.7189,-3.7199,10.0,5.4,mww,earthquake,"72 km NW of Rabaul, Papua New Guinea",us,reviewed
us6000ph1c,1735803690364,2025-01-02T07:41:30.364Z,40.1383,9.2824,10.0,5.1,mww,earthquake,"33 km N of Āwash, Ethiopia",us,reviewed
us6000ph9f,1735833427193,2025-01-02T15:57:07.193Z,151.6398,-3.9094,19.054,5.0,mww,earthquake,"66 km WNW of Rabaul, Papua New Guinea",us,reviewed
us6000phap,1735850615253,2025-01-02T20:43:35.253Z,-69.1069,-21.7109,99.0,6.1,mww,earthquake,"84 km NNW of Calama, Chile",us,reviewed
us6000phb3,1735852706833,2025-01-02T21:18:26.833Z,40.2761,9.4426,10.0,5.4,mww,earthquake,"52 km NNE of Āwash, Ethiopia",us,reviewed
us6000phc9,1735868848923,2025-01-03T01:47:28.923Z,151.7104,-3.7423,10.0,5.1,mww,earthquake,"71 km NW of Rabaul, Papua New Guinea",us,reviewed
us6000phce,1735871597419,2025-01-03T02:33:17.419Z,-25.9578,-58.7696,86.0,5.5,mww,earthquake,South Sandwich Islands region,us,reviewed
us6000phdf,1735878758138,2025-01-03T04:32:38.138Z,95.5118,24.9577,154.635,5.0,mb,earthquake,"128 km SE of Phek, India",us,reviewed
us6000phl5,1735914436790,2025-01-03T14:27:16.790Z,39.7855,9.0119,10.0,5.2,mww,earthquake,"19 km NW of Metahāra, Ethiopia",us,reviewed
us6000phnz,1735923706324,2025-01-03T17:01:46.324Z,40.3457,9.3575,10.0,5.5,mww,earthquake,"45 km NNE of Āwash, Ethiopia",us,reviewed
us6000phr5,1735944926242,2025-01-03T22:55:26.242Z,63.4991,-27.9633,10.0,5.0,mww,earthquake,Southwest Indian Ridge,us,reviewed
us6000phrk,1735951941078,2025-01-04T00:52:21.078Z,40.1219,9.4591,8.0,5.7,mww,earthquake,"52 km N of Āwash, Ethiopia",us,reviewed
us6000phw1,1736021145606,2025-01-04T20:05:45.606Z,40.1365,9.2988,10.0,5.0,mb,earthquake,"35 km N of Āwash, Ethiopia",us,reviewed
us6000phws,1736029417252,2025-01-04T22:23:37.252Z,167.4828,-16.1014,36.934,5.3,mww,earthquake,"7 km E of Lakatoro, Vanuatu",us,reviewed
us6000phz2,1736068602355,2025-01-05T09:16:42.355Z,126.5325,6.4682,132.697,5.1,mww,earthquake,"40 km ENE of Pondaguitan, Philippines",us,reviewed
us6000pi09,1736097525784,2025-01-05T17:18:45.784Z,-89.1775,13.0007,46.0,6.2,mww,earthquake,"56 km SSE of La Libertad, El Salvador",us,reviewed
us6000pi0k,1736097883116,2025-01-05T17:24:43.116Z,151.6914,-3.7391,10.0,5.0,mww,earthquake,"73 km NW of Rabaul, Papua New Guinea",us,reviewed
us6000pi39,1736124731514,2025-01-06T00:52:11.514Z,161.868,-10.734,97.196,5.2,mww,earthquake,"31 km S of Kirakira, Solomon Islands",us,reviewed
us6000pi67,1736177206849,2025-01-06T15:26:46.849Z,87.0306,33.4298,10.0,5.2,mb,earthquake,Tibetan Plateau,us,reviewed
us6000pi7a,1736181879772,2025-01-06T16:44:39.772Z,142.081,35.8134,10.0,5.1,mww,earthquake,"113 km E of Hasaki, Japan",us,reviewed
us6000pi7c,1736182790092,2025-01-06T16:59:50.092Z,52.3922,28.1592,10.0,5.2,mww,earthquake,"77 km SSW of Fīrūzābād, Iran",us,reviewed
us6000pi8v,1736198445820,2025-01-06T21:20:45.820Z,167.9443,-17.9111,35.0,5.0,mww,earthquake,"43 km WSW of Port-Vila, Vanuatu",us,reviewed
us6000pi9w,1736211916734,2025-01-07T01:05:16.734Z,87.3781,28.6036,10.0,7.1,mww,earthquake,2025 Southern Tibetan Plateau Earthquake,us,reviewed
us6000pks1,1736212153529,2025-01-07T01:09:13.529Z,87.1968,28.7537,10.0,5.4,mb,earthquake,"96 km NNE of Lobuche, Nepal",us,reviewed
us6000pks6,1736212254880,2025-01-07T01:10:54.880Z,87.1343,28.8057,10.0,5.2,mb,earthquake,"100 km NNE of Lobuche, Nepal",us,reviewed
us6000pia7,1736212407197,2025-01-07T01:13:27.197Z,87.4659,28.4421,10.0,5.2,mb,earthquake,Southern Tibetan Plateau,us,reviewed
us6000pkpp,1736212482239,2025-01-07T01:14:42.239Z,87.356,28.5282,10.0,5.2,mb,earthquake,"83 km NE of Lobuche, Nepal",us,reviewed
us6000piak,1736213065911,2025-01-07T01:24:25.911Z,87.4575,28.4845,10.0,5.0,mb,earthquake,Southern Tibetan Plateau,us,reviewed
us6000piar,1736213833647,2025-01-07T01:37:13.647Z,87.2321,28.7969,10.0,5.0,mb,earthquake,Southern Tibetan Plateau,us,reviewed
us6000pic9,1736223330187,2025-01-07T04:15:30.187Z,-176.843,-17.6376,370.004,5.0,mb,earthquake,Fiji region,us,reviewed
us6000pida,1736238690553,2025-01-07T08:31:30.553Z,138.4289,31.6194,358.0,5.6,mww,earthquake,"Izu Islands, Japan region",us,reviewed
us6000pifb,1736267939524,2025-01-07T16:38:59.524Z,77.9555,-37.6508,10.0,5.2,mww,earthquake,Mid-Indian Ridge,us,reviewed
us6000pife,1736270628611,2025-01-07T17:23:48.611Z,142.0996,24.2827,534.482,5.3,mww,earthquake,"Volcano Islands, Japan region",us,reviewed
us6000pifl,1736272341671,2025-01-07T17:52:21.671Z,119.3325,-8.2744,10.0,5.0,mb,earthquake,"38 km NNW of Komodo, Indonesia",us,reviewed
us6000pihw,1736297608175,2025-01-08T00:53:28.175Z,40.0639,9.0271,10.0,5.3,mww,earthquake,"12 km WNW of Āwash, Ethiopia",us,reviewed
us6000piij,1736308281676,2025-01-08T03:51:21.676Z,87.3648,28.4359,10.0,5.0,mb,earthquake,Southern Tibetan Plateau,us,reviewed
us6000pijd,1736322262866,2025-01-08T07:44:22.866Z,97.4685,34.8006,10.0,5.5,mww,earthquake,"Southern Qinghai, China",us,reviewed
us6000piks,1736345759970,2025-01-08T14:15:59.970Z,-35.0308,53.1123,10.0,5.0,mb,earthquake,Reykjanes Ridge,us,reviewed
us6000piqu,1736371886393,2025-01-08T21:31:26.393Z,-61.3142,-59.8945,10.0,5.3,mww,earthquake,Drake Passage,us,reviewed
us6000pisp,1736390638720,2025-01-09T02:43:58.720Z,167.6443,-18.2902,10.0,5.0,mww,earthquake,"93 km SW of Port-Vila, Vanuatu",us,reviewed
us6000pixh,1736440305323,2025-01-09T16:31:45.323Z,-89.7339,13.599,95.0,5.8,mww,earthquake,"10 km E of Acajutla, El Salvador",us,reviewed
us6000pj2q,1736472880147,2025-01-10T01:34:40.147Z,-175.0999,-19.6161,11.931,5.3,mb,earthquake,"81 km WNW of Pangai, Tonga",us,reviewed
us6000pj4s,1736496872949,2025-01-10T08:14:32.949Z,-77.4683,5.9461,18.0,5.6,mww,earthquake,"31 km SSW of Bahía Solano, Colombia",us,reviewed
us6000pj66,1736519493406,2025-01-10T14:31:33.406Z,-102.8916,-35.9604,10.0,5.2,mww,earthquake,southeast of Easter Island,us,reviewed
us6000pjby,1736554740999,2025-01-11T00:19:00.999Z,40.0117,9.3085,10.0,5.2,mww,earthquake,"39 km NNW of Āwash, Ethiopia",us,reviewed
us6000pjed,1736581909299,2025-01-11T07:51:49.299Z,145.0762,13.7311,99.185,5.0,mb,earthquake,"29 km NE of Yigo Village, Guam",us,reviewed
us6000pjfb,1736608784936,2025-01-11T15:19:44.936Z,39.9906,9.0553,10.0,5.2,mww,earthquake,"19 km NNE of Metahāra, Ethiopia",us,reviewed
us6000pjg2,1736626408437,2025-01-11T20:13:28.437Z,-173.1676,-16.2385,35.0,5.1,mb,earthquake,"74 km ESE of Hihifo, Tonga",us,reviewed
us6000pjg3,1736626875676,2025-01-11T20:21:15.676Z,-177.7964,-32.4958,10.0,5.0,mb,earthquake,south of the Kermadec Islands,us,reviewed
us6000pjig,1736670769944,2025-01-12T08:32:49.944Z,-103.3631,18.5019,39.0,6.2,mww,earthquake,"18 km SE of Aquila, Mexico",us,reviewed
us6000pjk4,1736694237239,2025-01-12T15:03:57.239Z,-178.4485,-17.8504,608.249,5.0,mb,earthquake,"237 km E of Levuka, Fiji",us,reviewed
us6000pjlq,1736727587641,2025-01-13T00:19:47.641Z,123.8527,6.6712,541.546,5.4,mww,earthquake,"20 km W of Taguisa, Philippines",us,reviewed
us6000pjm2,1736734854549,2025-01-13T02:20:54.549Z,-79.7517,-2.2781,90.55,5.0,mww,earthquake,"16 km SE of Eloy Alfaro, Ecuador",us,reviewed
us6000pjn2,1736752084121,2025-01-13T07:08:04.121Z,146.9358,-6.2425,67.616,5.0,mww,earthquake,"53 km N of Lae, Papua New Guinea",us,reviewed
us6000pjnv,1736768469141,2025-01-13T11:41:09.141Z,125.0964,5.5763,37.472,5.0,mb,earthquake,"23 km SW of Burias, Philippines",us,reviewed
us6000pjny,1736770772252,2025-01-13T12:19:32.252Z,131.5525,31.8326,39.0,6.8,mww,earthquake,"15 km SE of Miyazaki, Japan",us,reviewed
us6000pjp4,1736771046542,2025-01-13T12:24:06.542Z,-35.2157,7.1442,10.0,5.4,mww,earthquake,central Mid-Atlantic Ridge,us,reviewed
us6000pjp8,1736772877585,2025-01-13T12:54:37.585Z,139.6574,-2.8165,51.782,5.0,mb,earthquake,"111 km WSW of Abepura, Indonesia",us,reviewed
us6000pjp9,1736773057995,2025-01-13T12:57:37.995Z,87.3079,28.405,10.0,5.0,mb,earthquake,Southern Tibetan Plateau,us,reviewed
us6000pjpb,1736773102257,2025-01-13T12:58:22.257Z,87.4058,28.4815,10.0,5.1,mb,earthquake,Southern Tibetan Plateau,us,reviewed
us6000pjqa,1736784897255,2025-01-13T16:14:57.255Z,131.7181,32.0119,40.319,5.2,mb,earthquake,"24 km ESE of Takanabe, Japan",us,reviewed
us6000pjqv,1736790728992,2025-01-13T17:52:08.992Z,57.9047,-31.5501,10.0,5.0,mb,earthquake,Southwest Indian Ridge,us,reviewed
us6000pjvf,1736827942044,2025-01-14T04:12:22.044Z,-175.4253,-16.2905,322.588,5.0,mb,earthquake,"178 km WSW of Hihifo, Tonga",us,reviewed
us6000pjw8,1736841921537,2025-01-14T08:05:21.537Z,-17.4925,64.6751,10.0,5.2,mww,earthquake,"115 km SSE of Akureyri, Iceland",us,reviewed
us6000pjx0,1736863763297,2025-01-14T14:09:23.297Z,-104.9945,-4.5162,10.0,5.2,mww,earthquake,central East Pacific Rise,us,reviewed
us6000pjx5,1736866556553,2025-01-14T14:55:56.553Z,40.0596,8.7904,10.0,5.0,mb,earthquake,"19 km SE of Metahāra, Ethiopia",us,reviewed
us6000pjxl,1736874759509,2025-01-14T17:12:39.509Z,131.8103,31.7088,37.94,5.3,mww,earthquake,"43 km ENE of Nichinan, Japan",us,reviewed
us6000pjym,1736881324457,2025-01-14T19:02:04.457Z,-35.4561,7.2664,10.0,5.6,mww,earthquake,central Mid-Atlantic Ridge,us,reviewed
us6000pjz0,1736883624723,2025-01-14T19:40:24.723Z,149.6962,-5.0573,391.805,5.1,mb,earthquake,"73 km NW of Kimbe, Papua New Guinea",us,reviewed
us6000pk28,1736906919540,2025-01-15T02:08:39.540Z,141.5504,-2.7914,16.416,5.0,mb,earthquake,"30 km ESE of Vanimo, Papua New Guinea",us,reviewed
us6000pk2k,1736914847191,2025-01-15T04:20:47.191Z,-178.0407,-30.5465,40.572,5.1,mww,earthquake,"Kermadec Islands, New Zealand",us,reviewed
us6000pk3x,1736926340793,2025-01-15T07:32:20.793Z,168.2086,-17.3939,74.892,5.0,mww,earthquake,"39 km NNW of Port-Vila, Vanuatu",us,reviewed
us6000pk50,1736942796533,2025-01-15T12:06:36.533Z,-29.3834,-55.7231,10.0,5.1,mb,earthquake,South Sandwich Islands region,us,reviewed
us6000pk9u,1736977021080,2025-01-15T21:37:01.080Z,165.9976,-10.8585,42.0,5.7,mww,earthquake,"26 km SE of Lata, Solomon Islands",us,reviewed
us6000pkeg,1737034052356,2025-01-16T13:27:32.356Z,169.2452,-20.8697,28.656,5.0,mww,earthquake,"147 km S of Isangel, Vanuatu",us,reviewed
us6000pkla,1737076218502,2025-01-17T01:10:18.502Z,-13.7576,-25.3379,10.0,5.0,mb,earthquake,southern Mid-Atlantic Ridge,us,reviewed
us6000pkld,1737104152080,2025-01-17T08:55:52.080Z,125.8032,8.4942,10.0,5.0,mb,earthquake,"4 km NNE of Talacogon, Philippines",us,reviewed
us6000pksw,1737138116835,2025-01-17T18:21:56.835Z,154.9649,-6.9158,10.0,5.0,mww,earthquake,"87 km SW of Panguna, Papua New Guinea",us,reviewed
us6000pkwy,1737189466200,2025-01-18T08:37:46.200Z,126.7355,0.077,57.508,5.1,mb,earthquake,"106 km SW of Ternate, Indonesia",us,reviewed
us6000pkzc,1737228689159,2025-01-18T19:31:29.159Z,123.4363,24.9047,10.0,5.0,mww,earthquake,"65 km NE of Yonakuni, Japan",us,reviewed
us6000pkzg,1737229458024,2025-01-18T19:44:18.024Z,123.4511,24.9397,10.0,5.0,mww,earthquake,"69 km NE of Yonakuni, Japan",us,reviewed
us6000pl09,1737242138446,2025-01-18T23:15:38.446Z,158.36,-58.5247,10.0,5.0,mb,earthquake,Macquarie Island region,us,reviewed
us6000pl6c,1737352630327,2025-01-20T05:57:10.327Z,91.6307,10.0412,10.0,5.0,mb,earthquake,"217 km SW of Port Blair, India",us,reviewed
us6000pl6q,1737362322816,2025-01-20T08:38:42.816Z,165.8611,-11.2826,36.358,5.5,mww,earthquake,"62 km S of Lata, Solomon Islands",us,reviewed
us6000pl78,1737369778290,2025-01-20T10:42:58.290Z,120.5676,13.9035,100.0,5.4,mww,earthquake,"6 km WSW of Talisay, Philippines",us,reviewed
us6000pl7f,1737372036839,2025-01-20T11:20:36.839Z,91.5683,7.4323,10.0,5.3,mww,earthquake,"Nicobar Islands, India region",us,reviewed
us7000pa2l,1737384373061,2025-01-20T14:46:13.061Z,-111.7931,-23.9012,10.0,5.2,mb,earthquake,Easter Island region,us,reviewed
us6000pl89,1737384577811,2025-01-20T14:49:37.811Z,-112.0023,-23.793,10.0,5.3,mww,earthquake,Easter Island region,us,reviewed
us6000pl8h,1737389846812,2025-01-20T16:17:26.812Z,120.5448,23.1816,16.0,6.0,mww,earthquake,"10 km NE of Yujing, Taiwan",us,reviewed
us6000pl8l,1737390384700,2025-01-20T16:26:24.700Z,120.4374,23.134,10.0,5.1,mb,earthquake,"2 km WNW of Yujing, Taiwan",us,reviewed
us6000plbf,1737406991864,2025-01-20T21:03:11.864Z,87.5651,28.3855,10.0,5.0,mb,earthquake,Southern Tibetan Plateau,us,reviewed
us6000pld9,1737436416180,2025-01-21T05:13:36.180Z,-13.1569,-27.7265,10.0,5.2,mww,earthquake,southern Mid-Atlantic Ridge,us,reviewed
us6000plde,1737437771488,2025-01-21T05:36:11.488Z,-13.3529,-27.4672,10.0,5.1,mb,earthquake,southern Mid-Atlantic Ridge,us,reviewed
us6000pldf,1737438470406,2025-01-21T05:47:50.406Z,144.3602,13.4452,130.0,5.5,mww,earthquake,"33 km WNW of Agat Village, Guam",us,reviewed
us6000pldh,1737439514046,2025-01-21T06:05:14.046Z,-13.4234,-27.5196,10.0,5.5,mww,earthquake,southern Mid-Atlantic Ridge,us,reviewed
us6000plei,1737457044197,2025-01-21T10:57:24.197Z,151.4789,-3.6903,10.0,5.2,mww,earthquake,"94 km NW of Rabaul, Papua New Guinea",us,reviewed
us6000plel,1737458129924,2025-01-21T11:15:29.924Z,151.551,-3.7665,10.0,5.5,mww,earthquake,"83 km NW of Rabaul, Papua New Guinea",us,reviewed
us6000plew,1737460503769,2025-01-21T11:55:03.769Z,-166.6507,52.7426,10.0,5.2,mww,earthquake,"126 km S of Unalaska, Alaska",us,reviewed
us6000plfb,1737466817709,2025-01-21T13:40:17.709Z,-108.2944,23.3555,10.0,5.3,mww,earthquake,"134 km ESE of La Rivera, Mexico",us,reviewed
us6000plh9,1737485301736,2025-01-21T18:48:21.736Z,121.0111,21.4057,11.338,5.1,mww,earthquake,"71 km SSE of Hengchun, Taiwan",us,reviewed
us6000plhj,1737489651944,2025-01-21T20:00:51.944Z,148.4775,-3.0273,10.0,5.3,mww,earthquake,"173 km SE of Lorengau, Papua New Guinea",us,reviewed
us6000plhn,1737491923257,2025-01-21T20:38:43.257Z,26.2965,39.4605,5.618,5.0,mww,earthquake,"4 km SW of Behram, Turkey",us,reviewed
us6000pli7,1737495888844,2025-01-21T21:44:48.844Z,40.0616,9.1223,10.0,5.1,mww,earthquake,"19 km NW of Āwash, Ethiopia",us,reviewed
us6000plk7,1737539270724,2025-01-22T09:47:50.724Z,168.5583,-20.8169,10.0,5.0,mb,earthquake,"107 km NE of Tadine, New Caledonia",us,reviewed
us6000plnf,1737570368550,2025-01-22T18:26:08.550Z,88.2975,-42.0886,10.0,5.3,mww,earthquake,southeast Indian Ridge,us,reviewed
us6000plql,1737589186093,2025-01-22T23:39:46.093Z,125.1492,10.0899,9.0,5.7,mww,earthquake,"3 km NNW of San Francisco, Philippines",us,reviewed
us6000plrc,1737603676038,2025-01-23T03:41:16.038Z,122.2079,7.7025,62.013,5.4,mww,earthquake,"8 km E of Siocon, Philippines",us,reviewed
us6000plrr,1737609773957,2025-01-23T05:22:53.957Z,39.9173,9.0286,10.0,5.0,mb,earthquake,"14 km N of Metahāra, Ethiopia",us,reviewed
us6000plst,1737630842382,2025-01-23T11:14:02.382Z,168.8952,-12.7706,598.0,5.6,mww,earthquake,"190 km NE of Sola, Vanuatu",us,reviewed
us6000plwf,1737660216273,2025-01-23T19:23:36.273Z,95.093,24.6223,117.542,5.0,mb,earthquake,"104 km E of Wāngjing, India",us,reviewed
us6000plzg,1737692815449,2025-01-24T04:26:55.449Z,-86.0291,-41.4878,10.0,5.0,mb,earthquake,West Chile Rise,us,reviewed
us6000pm4b,1737735545056,2025-01-24T16:19:05.056Z,-69.3145,-18.0678,122.665,5.3,mww,earthquake,"75 km ESE of Palca, Peru",us,reviewed
us6000pm5y,1737743211860,2025-01-24T18:26:51.860Z,150.7581,-3.9381,10.0,5.7,mww,earthquake,"150 km S of Kavieng, Papua New Guinea",us,reviewed
us6000pmaf,1737805757031,2025-01-25T11:49:17.031Z,120.3972,23.2435,10.0,5.1,mww,earthquake,"14 km NNW of Yujing, Taiwan",us,reviewed
us6000pmct,1737848332789,2025-01-25T23:38:52.789Z,120.4471,23.1079,10.0,5.2,mww,earthquake,"2 km SW of Yujing, Taiwan",us,reviewed
us6000pme3,1737872018139,2025-01-26T06:13:38.139Z,168.0872,-17.7001,47.197,5.3,mww,earthquake,"24 km W of Port-Vila, Vanuatu",us,reviewed
us6000pmf5,1737890640496,2025-01-26T11:24:00.496Z,-26.4654,-59.6215,91.382,5.2,mb,earthquake,South Sandwich Islands region,us,reviewed
us6000pmfn,1737898651811,2025-01-26T13:37:31.811Z,160.054,53.1558,56.129,5.1,mww,earthquake,"96 km E of Petropavlovsk-Kamchatsky, Russia",us,reviewed
us6000pmgl,1737926559188,2025-01-26T21:22:39.188Z,155.9675,-7.4257,35.0,5.0,mb,earthquake,"122 km NW of Gizo, Solomon Islands",us,reviewed
us6000pmgt,1737931153301,2025-01-26T22:39:13.301Z,-167.2003,53.2062,59.0,5.6,mww,earthquake,"86 km SSW of Unalaska, Alaska",us,reviewed
us6000pmhf,1737937129485,2025-01-27T00:18:49.485Z,121.0882,22.7251,10.0,5.0,mb,earthquake,"71 km ENE of Donggang, Taiwan",us,reviewed
us6000pmix,1737960903657,2025-01-27T06:55:03.657Z,168.0815,-17.7376,35.0,5.1,mww,earthquake,"24 km W of Port-Vila, Vanuatu",us,reviewed
us6000pmjt,1737989483500,2025-01-27T14:51:23.500Z,146.0169,18.0413,143.939,5.3,mww,earthquake,"Pagan region, Northern Mariana Islands",us,reviewed
us6000pmpi,1738024150021,2025-01-28T00:29:10.021Z,-90.539,-41.1647,10.0,5.1,mww,earthquake,southeast of Easter Island,us,reviewed
us6000pmpq,1738025988054,2025-01-28T00:59:48.054Z,-90.224,-41.1978,10.0,5.6,mww,earthquake,southeast of Easter Island,us,reviewed
us6000pmqh,1738040968930,2025-01-28T05:09:28.930Z,-76.2983,-14.3941,12.355,5.0,mww,earthquake,"58 km S of Paracas, Peru",us,reviewed
us6000pmqw,1738047158866,2025-01-28T06:52:38.866Z,-176.486,-28.0098,13.0,5.8,mww,earthquake,Kermadec Islands region,us,reviewed
us6000pmrw,1738059813946,2025-01-28T10:23:33.946Z,-178.067,-30.3993,62.824,5.2,mb,earthquake,"Kermadec Islands, New Zealand",us,reviewed
us6000pmru,1738059992394,2025-01-28T10:26:32.394Z,175.886,-40.7113,46.425,5.2,mb,earthquake,"22 km NE of Kopuaranga, New Zealand",us,reviewed
us6000pmsr,1738076014578,2025-01-28T14:53:34.578Z,121.1903,0.4934,99.753,5.4,mww,earthquake,"208 km W of Gorontalo, Indonesia",us,reviewed
us7000p9p7,1738098388350,2025-01-28T21:06:28.350Z,-173.964,-18.5354,38.759,5.0,mb,earthquake,"13 km N of Neiafu, Tonga",us,reviewed
us7000p9qm,1738111841149,2025-01-29T00:50:41.149Z,121.8691,-3.9642,10.08,5.0,mww,earthquake,"71 km W of Kendari, Indonesia",us,reviewed
us7000p9qx,1738114379462,2025-01-29T01:32:59.462Z,-41.5824,-53.41,10.0,5.2,mww,earthquake,South Atlantic Ocean,us,reviewed
us7000p9yj,1738203113748,2025-01-30T02:11:53.748Z,120.5775,23.1643,10.0,5.1,mww,earthquake,"12 km ENE of Yujing, Taiwan",us,reviewed
us7000p9yk,1738203503443,2025-01-30T02:18:23.443Z,126.848,-2.8186,10.0,5.1,mb,earthquake,"128 km SE of Sanana, Indonesia",us,reviewed
ak0251doqqfp,1738212008488,2025-01-30T04:40:08.488Z,-156.323,62.9564,10.4,5.2,mww,earthquake,"13 km WSW of Takotna, Alaska",ak,reviewed
us7000p9zz,1738221377282,2025-01-30T07:16:17.282Z,120.5711,23.163,10.0,5.0,mb,earthquake,"12 km ENE of Yujing, Taiwan",us,reviewed
us7000pa8p,1738314290646,2025-01-31T09:04:50.646Z,-25.1449,0.4304,10.0,5.7,mww,earthquake,central Mid-Atlantic Ridge,us,reviewed
us7000pa9d,1738321421859,2025-01-31T11:03:41.859Z,97.1235,3.2918,53.0,5.7,mww,earthquake,"58 km SSE of Blangpidie, Indonesia",us,reviewed
us7000paai,1738325050579,2025-01-31T12:04:10.579Z,163.2435,-10.5642,10.0,5.4,mww,earthquake,"145 km E of Kirakira, Solomon Islands",us,reviewed
us7000pabn,1738339087004,2025-01-31T15:58:07.004Z,-177.9371,-30.7211,10.0,5.0,mb,earthquake,"Kermadec Islands, New Zealand",us,reviewed
us7000pahy,1738364548845,2025-01-31T23:02:28.845Z,-78.0956,-0.8609,8.0,5.5,mww,earthquake,"32 km W of Archidona, Ecuador",us,reviewed
us7000paiv,1738370416806,2025-02-01T00:40:16.806Z,110.2905,-8.7303,71.742,5.0,mww,earthquake,"86 km S of Pundong, Indonesia",us,reviewed
us7000parr,1738481841126,2025-02-02T07:37:21.126Z,127.0095,-4.6762,10.0,5.1,mb,earthquake,"169 km SW of Ambon, Indonesia",us,reviewed
us7000pau4,1738510991489,2025-02-02T15:43:11.489Z,125.5373,10.267,119.531,5.0,mww,earthquake,"7 km SSW of Tubajon, Philippines",us,reviewed
us7000paze,1738570388237,2025-02-03T08:13:08.237Z,25.693,36.6296,9.506,5.0,mww,earthquake,"28 km SW of Amorgós, Greece",us,reviewed
us7000pb02,1738578714335,2025-02-03T10:31:54.335Z,-174.7246,-20.3474,10.0,5.1,mb,earthquake,"70 km SSW of Pangai, Tonga",us,reviewed
us7000pb0i,1738587737933,2025-02-03T13:02:17.933Z,171.3889,-22.8251,10.0,5.5,mww,earthquake,southeast of the Loyalty Islands,us,reviewed
us7000pb2l,1738610096872,2025-02-03T19:14:56.872Z,130.9358,28.6536,10.0,5.4,mww,earthquake,"132 km E of Tatsugō, Japan",us,reviewed
us7000pb3j,1738618551094,2025-02-03T21:35:51.094Z,128.2254,3.0383,103.0,5.9,mww,earthquake,"146 km N of Tobelo, Indonesia",us,reviewed
us7000pd4q,1738627806407,2025-02-04T00:10:06.407Z,-25.4376,-57.4634,35.0,5.0,mb,earthquake,South Sandwich Islands region,us,reviewed
us7000pb59,1738633233905,2025-02-04T01:40:33.905Z,-92.3973,-38.8932,10.0,5.7,mww,earthquake,West Chile Rise,us,reviewed
us7000pb5h,1738637166502,2025-02-04T02:46:06.502Z,25.6623,36.6511,10.0,5.0,mww,earthquake,"29 km SW of Amorgós, Greece",us,reviewed
us7000pb5n,1738639221554,2025-02-04T03:20:21.554Z,-12.8878,-22.8087,10.0,5.0,mb,earthquake,southern Mid-Atlantic Ridge,us,reviewed
us7000pb7j,1738661805545,2025-02-04T09:36:45.545Z,151.8696,-5.5735,57.4,5.1,mb,earthquake,"143 km SSW of Kokopo, Papua New Guinea",us,reviewed
us7000pb82,1738674254561,2025-02-04T13:04:14.561Z,25.6022,36.5558,13.546,5.3,mww,earthquake,"21 km NE of Firá, Greece",us,reviewed
us7000pba9,1738690678366,2025-02-04T17:37:58.366Z,-41.4001,30.9609,10.0,5.0,mb,earthquake,northern Mid-Atlantic Ridge,us,reviewed
us7000pbag,1738693317027,2025-02-04T18:21:57.027Z,-41.2503,30.9335,10.0,5.1,mww,earthquake,northern Mid-Atlantic Ridge,us,reviewed
us7000pbau,1738697266561,2025-02-04T19:27:46.561Z,-163.9373,53.316,10.0,5.0,mww,earthquake,"151 km SE of Akutan, Alaska",us,reviewed
us7000pbcv,1738712552536,2025-02-04T23:42:32.536Z,83.7725,41.2296,10.0,5.0,mb,earthquake,"88 km SE of Kuqa, China",us,reviewed
us7000pbcy,1738712877410,2025-02-04T23:47:57.410Z,153.4389,46.5329,10.0,5.0,mb,earthquake,Kuril Islands,us,reviewed
us7000pbdm,1738724940344,2025-02-05T03:09:00.344Z,178.7176,-35.2552,10.0,5.0,mb,earthquake,"262 km N of Hicks Bay, New Zealand",us,reviewed
us7000pbdp,1738725150192,2025-02-05T03:12:30.192Z,127.118,1.6173,99.0,5.5,mww,earthquake,"96 km NNW of Ternate, Indonesia",us,reviewed
us7000pbfb,1738738878108,2025-02-05T07:01:18.108Z,-91.5982,13.9242,58.159,5.6,mww,earthquake,"44 km SW of Nueva Concepción, Guatemala",us,reviewed
us7000pbmp,1738782578388,2025-02-05T19:09:38.388Z,25.6436,36.6148,10.0,5.1,mww,earthquake,"28 km NE of Firá, Greece",us,reviewed
us7000pbn5,1738786507142,2025-02-05T20:15:07.142Z,-172.6997,-19.064,10.0,5.0,mb,earthquake,"142 km ESE of Neiafu, Tonga",us,reviewed
us7000pbt5,1738847787647,2025-02-06T13:16:27.647Z,126.6197,4.3939,56.008,5.2,mww,earthquake,"170 km SE of Sarangani, Philippines",us,reviewed
us7000pbtz,1738859097909,2025-02-06T16:24:57.909Z,141.6026,-2.8343,26.799,5.1,mww,earthquake,"37 km ESE of Vanimo, Papua New Guinea",us,reviewed
us7000pbu3,1738861796343,2025-02-06T17:09:56.343Z,141.5941,-2.8434,35.0,5.0,mww,earthquake,"36 km ESE of Vanimo, Papua New Guinea",us,reviewed
us7000pc0e,1738902718218,2025-02-07T04:31:58.218Z,97.5703,-9.7073,21.0,5.8,mww,earthquake,"southwest of Sumatra, Indonesia",us,reviewed
us7000pc2p,1738924021952,2025-02-07T10:27:01.952Z,-176.2264,-23.9351,65.0,5.9,mww,earthquake,south of the Fiji Islands,us,reviewed
us7000pc4p,1738941552809,2025-02-07T15:19:12.809Z,14.3824,38.4853,10.0,5.2,mb,earthquake,"39 km WSW of Leni, Italy",us,reviewed
us7000pc7i,1738969214594,2025-02-07T23:00:14.594Z,62.5373,3.9921,10.0,5.3,mww,earthquake,Carlsberg Ridge,us,reviewed
us7000pc83,1738972731425,2025-02-07T23:58:51.425Z,62.6942,4.1174,10.0,5.2,mww,earthquake,Carlsberg Ridge,us,reviewed
us7000pc9c,1738989852553,2025-02-08T04:44:12.553Z,93.6213,7.5576,57.805,5.2,mb,earthquake,"262 km NW of Sabang, Indonesia",us,reviewed
us7000pc9d,1738990835551,2025-02-08T05:00:35.551Z,103.2994,-6.0081,40.225,5.1,mb,earthquake,"218 km SW of Kotabumi, Indonesia",us,reviewed
us7000pcav,1739006653530,2025-02-08T09:24:13.530Z,167.9358,-16.1233,169.968,5.2,mb,earthquake,"55 km E of Lakatoro, Vanuatu",us,reviewed
us7000pcb7,1739011423113,2025-02-08T10:43:43.113Z,145.9204,65.2162,10.0,5.0,mww,earthquake,"146 km ENE of Ust-Nera, Russia",us,reviewed
us7000pcdl,1739056994697,2025-02-08T23:23:14.697Z,-82.395,17.6506,14.326,7.6,mww,earthquake,"210 km SSW of George Town, Cayman Islands",us,reviewed
us7000pche,1739111557746,2025-02-09T14:32:37.746Z,161.0432,-10.1576,38.742,5.3,mww,earthquake,"101 km WNW of Kirakira, Solomon Islands",us,reviewed
us7000pcih,1739127938291,2025-02-09T19:05:38.291Z,25.6271,36.6626,10.0,5.2,mww,earthquake,"30 km SW of Amorgós, Greece",us,reviewed
us7000pcjx,1739146182753,2025-02-10T00:09:42.753Z,167.8757,-17.5011,18.0,5.9,mww,earthquake,"53 km WNW of Port-Vila, Vanuatu",us,reviewed
us7000peix,1739146424708,2025-02-10T00:13:44.708Z,167.8236,-17.5144,10.0,5.3,mb,earthquake,"57 km WNW of Port-Vila, Vanuatu",us,reviewed
us7000pck0,1739146563322,2025-02-10T00:16:03.322Z,167.731,-17.4323,10.0,5.3,mb,earthquake,"70 km WNW of Port-Vila, Vanuatu",us,reviewed
us7000pck3,1739147305469,2025-02-10T00:28:25.469Z,155.6069,-7.0353,35.0,5.4,mww,earthquake,"80 km S of Panguna, Papua New Guinea",us,reviewed
us7000pcmb,1739182726631,2025-02-10T10:18:46.631Z,167.9269,-17.4753,10.0,5.0,mb,earthquake,"50 km NW of Port-Vila, Vanuatu",us,reviewed
us7000pcn4,1739197015496,2025-02-10T14:16:55.496Z,141.3324,41.6821,89.55,5.0,mww,earthquake,"39 km ENE of Ōma, Japan",us,reviewed
us7000pcn8,1739200506035,2025-02-10T15:15:06.035Z,119.6374,-9.6398,83.827,5.1,mb,earthquake,"49 km ESE of Tambolaka, Indonesia",us,reviewed
us7000pcr3,1739218588738,2025-02-10T20:16:28.738Z,25.6536,36.6898,10.0,5.3,mww,earthquake,"26 km SW of Amorgós, Greece",us,reviewed
us7000pcs7,1739227044642,2025-02-10T22:37:24.642Z,25.6258,36.6244,10.0,5.1,mww,earthquake,"28 km NE of Firá, Greece",us,reviewed
us7000pcsb,1739227721585,2025-02-10T22:48:41.585Z,-5.5251,35.0177,29.521,5.1,mb,earthquake,"25 km N of Ouezzane, Morocco",us,reviewed
us7000pcsz,1739240646725,2025-02-11T02:24:06.725Z,-75.0333,-37.2309,13.661,5.2,mww,earthquake,"129 km WNW of Lebu, Chile",us,reviewed
us7000pct1,1739241465878,2025-02-11T02:37:45.878Z,150.8479,-3.7083,10.0,5.1,mww,earthquake,"125 km S of Kavieng, Papua New Guinea",us,reviewed
us7000pctm,1739250026873,2025-02-11T05:00:26.873Z,75.136,-32.2873,10.0,5.3,mww,earthquake,Mid-Indian Ridge,us,reviewed
us7000pctr,1739251956895,2025-02-11T05:32:36.895Z,150.8287,-3.9469,10.0,5.0,mb,earthquake,"150 km W of Rabaul, Papua New Guinea",us,reviewed
us7000pcty,1739252877441,2025-02-11T05:47:57.441Z,-175.5971,-22.69,10.0,5.0,mb,earthquake,"163 km SSW of ‘Ohonua, Tonga",us,reviewed
us7000pd1i,1739322894298,2025-02-12T01:14:54.298Z,25.5084,36.5549,10.0,5.1,mww,earthquake,"15 km NE of Oía, Greece",us,reviewed
us7000pd86,1739390049197,2025-02-12T19:54:09.197Z,-27.1926,-56.3332,105.634,5.3,mb,earthquake,South Sandwich Islands region,us,reviewed
us7000pd8m,1739394268710,2025-02-12T21:04:28.710Z,142.1429,38.3638,38.366,5.1,mb,earthquake,"61 km E of Onagawa Chō, Japan",us,reviewed
us7000pdh2,1739470581863,2025-02-13T18:16:21.863Z,129.1134,-6.4775,10.0,5.0,mb,earthquake,Banda Sea,us,reviewed
ak025215oy3m,1739491167899,2025-02-13T23:59:27.899Z,-154.9176,55.6151,13.3,5.7,mww,earthquake,"155 km SSW of Akhiok, Alaska",ak,reviewed
us7000pdj1,1739492577808,2025-02-14T00:22:57.808Z,129.6482,-6.9997,155.573,5.0,mww,earthquake,Banda Sea,us,reviewed
us7000pdjz,1739496774659,2025-02-14T01:32:54.659Z,151.1492,45.4792,35.0,5.0,mb,earthquake,"257 km E of Kuril’sk, Russia",us,reviewed
us7000pdkh,1739515189652,2025-02-14T06:39:49.652Z,-85.2505,1.0621,10.0,5.2,mww,earthquake,off the coast of Ecuador,us,reviewed
us7000pdky,1739526392914,2025-02-14T09:46:32.914Z,-23.2971,-58.8989,10.0,5.1,mb,earthquake,South Sandwich Islands region,us,reviewed
us7000pdl8,1739536113614,2025-02-14T12:28:33.614Z,105.5416,-7.3712,48.79,5.1,mb,earthquake,"114 km SSW of Labuan, Indonesia",us,reviewed
us7000pdlg,1739537403769,2025-02-14T12:50:03.769Z,125.7609,11.5308,10.0,5.3,mww,earthquake,"26 km ENE of Llorente, Philippines",us,reviewed
us7000pdth,1739559193303,2025-02-14T18:53:13.303Z,167.5187,-17.3025,10.0,5.0,mww,earthquake,"97 km WNW of Port-Vila, Vanuatu",us,reviewed
us7000pdu6,1739564905423,2025-02-14T20:28:25.423Z,39.9058,8.9453,25.0,5.9,mww,earthquake,"5 km NNW of Metahāra, Ethiopia",us,reviewed
us7000pdvd,1739568602961,2025-02-14T21:30:02.961Z,166.2552,-11.7749,35.0,5.0,mb,earthquake,"126 km SSE of Lata, Solomon Islands",us,reviewed
us7000pdvn,1739579338138,2025-02-15T00:28:58.138Z,122.9791,12.8077,10.0,5.0,mww,earthquake,"30 km W of Mabiton, Philippines",us,reviewed
us7000pdvr,1739582328716,2025-02-15T01:18:48.716Z,125.806,11.4747,10.0,5.0,mww,earthquake,"26 km NE of Hernani, Philippines",us,reviewed
us7000pdvt,1739584091119,2025-02-15T01:48:11.119Z,88.2237,49.9991,13.0,5.7,mww,earthquake,"32 km W of Kosh-Agach, Russia",us,reviewed
tx2025deqh,1739597001429,2025-02-15T05:23:21.429Z,-104.18,31.661,6.0999,5.0,ml,earthquake,"53 km NW of Toyah, Texas",tx,reviewed
us7000pe2h,1739689724554,2025-02-16T07:08:44.554Z,-73.7663,-38.4993,20.394,5.0,mww,earthquake,"57 km WNW of Carahue, Chile",us,reviewed
us7000pe2q,1739691816015,2025-02-16T07:43:36.015Z,153.0671,45.2882,10.0,5.2,mww,earthquake,east of the Kuril Islands,us,reviewed
us7000pe38,1739694983743,2025-02-16T08:36:23.743Z,170.8116,-22.4881,10.0,5.0,mb,earthquake,southeast of the Loyalty Islands,us,reviewed
us7000pe4x,1739732137613,2025-02-16T18:55:37.613Z,48.4428,32.817,10.0,5.1,mww,earthquake,"51 km N of Shahrak-e Kūlūrī, Iran",us,reviewed
us7000pe6v,1739766656551,2025-02-17T04:30:56.551Z,-75.1169,-15.9621,10.0,5.5,mww,earthquake,"66 km S of San Juan, Peru",us,reviewed
us7000pe7k,1739778590321,2025-02-17T07:49:50.321Z,25.5788,36.6724,10.0,5.0,mww,earthquake,"27 km ESE of Íos, Greece",us,reviewed
us7000pefq,1739854012092,2025-02-18T04:46:52.092Z,25.8261,36.6544,10.0,5.0,mww,earthquake,"20 km SSW of Amorgós, Greece",us,reviewed
us7000pefw,1739858309320,2025-02-18T05:58:29.320Z,-174.0633,-21.4177,10.0,5.0,mb,earthquake,"93 km E of ‘Ohonua, Tonga",us,reviewed
us7000pein,1739898049043,2025-02-18T17:00:49.043Z,-74.8175,-11.3467,103.39,5.0,mb,earthquake,"9 km NW of Mariposa, Peru",us,reviewed
us7000peiq,1739899128127,2025-02-18T17:18:48.127Z,-70.9825,-26.2533,31.0,5.6,mww,earthquake,"94 km W of Diego de Almagro, Chile",us,reviewed
us7000pemi,1739921950674,2025-02-18T23:39:10.674Z,131.0386,-3.3656,13.0,5.7,mww,earthquake,"148 km WSW of Fakfak, Indonesia",us,reviewed
us7000penh,1739933384019,2025-02-19T02:49:44.019Z,152.7728,-9.0969,10.0,5.5,mww,earthquake,"285 km NE of Samarai, Papua New Guinea",us,reviewed
us7000pevu,1740021580859,2025-02-20T03:19:40.859Z,94.7394,5.0079,63.661,5.3,mb,earthquake,"88 km SW of Banda Aceh, Indonesia",us,reviewed
us7000pevy,1740021690670,2025-02-20T03:21:30.670Z,68.2892,-20.5463,10.0,5.2,mww,earthquake,Mid-Indian Ridge,us,reviewed
us7000pew5,1740026210082,2025-02-20T04:36:50.082Z,-179.0339,-33.3208,45.437,5.0,mb,earthquake,south of the Kermadec Islands,us,reviewed
us7000pexc,1740047480780,2025-02-20T10:31:20.780Z,-173.9471,-15.3291,111.0,5.5,mww,earthquake,"71 km NNW of Hihifo, Tonga",us,reviewed
us7000pexi,1740051051390,2025-02-20T11:30:51.390Z,-82.9086,-42.9086,10.0,5.4,mww,earthquake,West Chile Rise,us,reviewed
us7000pexm,1740052305309,2025-02-20T11:51:45.309Z,130.9797,-3.3784,10.0,5.0,mb,earthquake,"154 km WSW of Fakfak, Indonesia",us,reviewed
us7000pexs,1740055150630,2025-02-20T12:39:10.630Z,-26.1145,-56.6888,35.0,5.3,mb,earthquake,South Sandwich Islands region,us,reviewed
us7000pf62,1740122455955,2025-02-21T07:20:55.955Z,168.9434,-19.4988,41.683,5.1,mww,earthquake,"35 km W of Isangel, Vanuatu",us,reviewed
us7000pffe,1740220410853,2025-02-22T10:33:30.853Z,93.8043,21.5846,59.186,5.0,mww,earthquake,"119 km S of Hakha, Burma (Myanmar)",us,reviewed
us7000pfi9,1740258286432,2025-02-22T21:04:46.432Z,-17.8452,64.6566,10.0,5.1,mww,earthquake,"115 km S of Akureyri, Iceland",us,reviewed
us7000pfih,1740262825318,2025-02-22T22:20:25.318Z,-76.6977,-45.5785,10.0,5.4,mww,earthquake,"Off the coast of Aisen, Chile",us,reviewed
us7000pfii,1740262859314,2025-02-22T22:20:59.314Z,155.9646,-7.4723,35.0,5.3,mww,earthquake,"119 km NW of Gizo, Solomon Islands",us,reviewed
us7000pfir,1740264571294,2025-02-22T22:49:31.294Z,-175.4707,-23.8225,35.0,5.0,mb,earthquake,"279 km S of ‘Ohonua, Tonga",us,reviewed
us7000pfjc,1740274312085,2025-02-23T01:31:52.085Z,155.8717,-7.4856,35.0,5.6,mww,earthquake,"126 km WNW of Gizo, Solomon Islands",us,reviewed
us7000pfjd,1740275183915,2025-02-23T01:46:23.915Z,155.7968,-7.3034,35.0,5.1,mb,earthquake,"114 km SSE of Panguna, Papua New Guinea",us,reviewed
us7000pfjq,1740284255944,2025-02-23T04:17:35.944Z,155.9272,-7.3335,35.0,5.4,mww,earthquake,"122 km SSE of Panguna, Papua New Guinea",us,reviewed
us7000pfjr,1740284833411,2025-02-23T04:27:13.411Z,102.2392,-6.522,10.0,5.1,mb,earthquake,"297 km SSW of Pagar Alam, Indonesia",us,reviewed
us7000pfk1,1740287782431,2025-02-23T05:16:22.431Z,102.1738,-6.4752,10.0,5.0,mb,earthquake,"295 km SSW of Pagar Alam, Indonesia",us,reviewed
us7000pfmk,1740334578073,2025-02-23T18:16:18.073Z,166.2902,-11.3195,36.0,6.0,mww,earthquake,"85 km SE of Lata, Solomon Islands",us,reviewed
us7000pfn2,1740338476945,2025-02-23T19:21:16.945Z,120.3348,-9.4086,45.343,5.0,mb,earthquake,"28 km NNE of Waingapu, Indonesia",us,reviewed
us7000pfpb,1740351010262,2025-02-23T22:50:10.262Z,154.498,-6.294,10.0,5.1,mww,earthquake,"109 km W of Panguna, Papua New Guinea",us,reviewed
us7000pfpk,1740354290963,2025-02-23T23:44:50.963Z,40.4938,9.4634,10.0,5.3,mww,earthquake,"58 km NW of Āsbe Teferī, Ethiopia",us,reviewed
us7000pfqd,1740359689703,2025-02-24T01:14:49.703Z,-111.6652,-29.3467,10.0,5.2,mww,earthquake,Easter Island region,us,reviewed
us7000pfsi,1740399960881,2025-02-24T12:26:00.881Z,-77.296,-45.7286,10.0,5.1,mww,earthquake,"Off the coast of Aisen, Chile",us,reviewed
us6000pv78,1740427717428,2025-02-24T20:08:37.428Z,-82.7176,17.5702,10.0,5.4,mww,earthquake,"237 km SW of George Town, Cayman Islands",us,reviewed
us6000pv8n,1740444020779,2025-02-25T00:40:20.779Z,88.4613,19.2977,10.0,5.1,mww,earthquake,"224 km ESE of Parādīp Garh, India",us,reviewed
us6000pv9t,1740461848702,2025-02-25T05:37:28.702Z,-130.0453,50.4881,10.0,5.2,mww,earthquake,"210 km W of Port McNeill, Canada",us,reviewed
pr2025056002,1740462535100,2025-02-25T05:48:55.100Z,-68.0846,19.4565,46.0,5.85,ml,earthquake,"102 km NNE of Punta Cana, Dominican Republic",pr,reviewed
us6000pvca,1740490774099,2025-02-25T13:39:34.099Z,-179.638,-22.3843,578.306,5.2,mww,earthquake,south of the Fiji Islands,us,reviewed
us6000pvex,1740507229712,2025-02-25T18:13:49.712Z,126.5765,2.9535,47.046,5.1,mb,earthquake,"209 km NW of Tobelo, Indonesia",us,reviewed
us6000pvgx,1740524145917,2025-02-25T22:55:45.917Z,124.8407,0.3994,21.726,6.1,mww,earthquake,"45 km E of Modisi, Indonesia",us,reviewed
us6000pvj5,1740549204392,2025-02-26T05:53:24.392Z,136.3654,33.6039,388.0,5.8,mww,earthquake,"38 km ESE of Shingū, Japan",us,reviewed
us6000pvk7,1740560211128,2025-02-26T08:56:51.128Z,124.9255,0.2983,10.0,5.0,mb,earthquake,"56 km ESE of Modisi, Indonesia",us,reviewed
us6000pvm4,1740586529941,2025-02-26T16:15:29.941Z,164.5402,55.4821,8.142,5.8,mww,earthquake,"153 km ESE of Ust’-Kamchatsk Staryy, Russia",us,reviewed
us6000pvpc,1740603336821,2025-02-26T20:55:36.821Z,92.3408,26.3002,10.0,5.3,mb,earthquake,"5 km N of Morigaon, India",us,reviewed
us6000pvq6,1740609983037,2025-02-26T22:46:23.037Z,-99.8654,-36.2279,10.0,5.1,mww,earthquake,southeast of Easter Island,us,reviewed
us6000pvrl,1740635894705,2025-02-27T05:58:14.705Z,-177.7133,-31.0613,10.0,5.0,mb,earthquake,Kermadec Islands region,us,reviewed
us6000pvty,1740668077206,2025-02-27T14:54:37.206Z,-10.3519,-58.0333,10.0,5.4,mww,earthquake,east of the South Sandwich Islands,us,reviewed
us6000pvw6,1740686442833,2025-02-27T20:00:42.833Z,26.1056,-52.4943,10.0,5.2,mww,earthquake,south of Africa,us,reviewed
us6000pvwf,1740690370378,2025-02-27T21:06:10.378Z,85.9232,27.8626,10.0,5.0,mww,earthquake,"11 km SSW of Kodāri̇̄, Nepal",us,reviewed
us6000pvws,1740692910311,2025-02-27T21:48:30.311Z,-176.1708,52.2653,133.278,5.0,mww,earthquake,"53 km NE of Adak, Alaska",us,reviewed
us6000pvyf,1740704070552,2025-02-28T00:54:30.552Z,-175.1757,-23.7595,21.009,5.0,mb,earthquake,"268 km S of ‘Ohonua, Tonga",us,reviewed
us6000pw3w,1740759093390,2025-02-28T16:11:33.390Z,132.7832,73.1535,10.0,5.0,mww,earthquake,"209 km NE of Tiksi, Russia",us,reviewed
us6000pw5b,1740771568430,2025-02-28T19:39:28.430Z,-99.3687,18.2972,65.162,5.0,mww,earthquake,"3 km NE of Pololcingo, Mexico",us,reviewed
us6000pw69,1740779918554,2025-02-28T21:58:38.554Z,130.652,-6.0227,126.0,5.6,mww,earthquake,"236 km W of Tual, Indonesia",us,reviewed
us6000pw9c,1740821929850,2025-03-01T09:38:49.850Z,-79.4812,2.871,10.0,5.0,mww,earthquake,"121 km WNW of Mosquera, Colombia",us,reviewed
us6000pwae,1740837591898,2025-03-01T13:59:51.898Z,126.7422,7.867,17.616,5.0,mb,earthquake,"28 km NE of Kinablangan, Philippines",us,reviewed
us6000pwbj,1740859333364,2025-03-01T20:02:13.364Z,145.5991,13.4753,65.557,5.3,mww,earthquake,"77 km E of Yigo Village, Guam",us,reviewed
us6000pwce,1740872550529,2025-03-01T23:42:30.529Z,-177.3562,-29.3998,51.427,5.2,mb,earthquake,"Kermadec Islands, New Zealand",us,reviewed
us6000pwew,1740903298082,2025-03-02T08:14:58.082Z,39.9337,14.1721,10.0,5.2,mww,earthquake,"52 km ESE of Ādīgrat, Ethiopia",us,reviewed
us6000pwg6,1740925018339,2025-03-02T14:16:58.339Z,66.062,-10.2343,10.0,5.3,mww,earthquake,Mid-Indian Ridge,us,reviewed
us6000pwh1,1740940929427,2025-03-02T18:42:09.427Z,129.4579,-3.5151,28.891,5.2,mww,earthquake,"59 km ESE of Masohi, Indonesia",us,reviewed
us6000pwk7,1740983134143,2025-03-03T06:25:34.143Z,61.0748,27.3373,32.943,5.2,mb,earthquake,"41 km ENE of Iranshahr, Iran",us,reviewed
us6000pwky,1740997528644,2025-03-03T10:25:28.644Z,-177.364,-16.7565,413.683,5.4,mww,earthquake,"282 km SSE of Alo, Wallis and Futuna",us,reviewed
us6000pwn3,1741016436720,2025-03-03T15:40:36.720Z,146.2399,12.6846,10.0,5.1,mb,earthquake,"174 km ESE of Yigo Village, Guam",us,reviewed
us6000pwqe,1741052542745,2025-03-04T01:42:22.745Z,125.1352,6.7213,17.179,5.0,mww,earthquake,"7 km SW of Magsaysay, Philippines",us,reviewed
us6000pwrb,1741072063154,2025-03-04T07:07:43.154Z,160.7833,-9.878,10.0,5.1,mww,earthquake,"103 km ESE of Honiara, Solomon Islands",us,reviewed
us6000pwx1,1741126003695,2025-03-04T22:06:43.695Z,95.623,16.9032,10.0,5.1,mww,earthquake,"15 km S of Nyaungdon, Burma (Myanmar)",us,reviewed
us6000pwz6,1741152995568,2025-03-05T05:36:35.568Z,94.6954,24.5491,88.157,5.4,mww,earthquake,"64 km E of Wāngjing, India",us,reviewed
us6000px0a,1741167792169,2025-03-05T09:43:12.169Z,-95.0945,15.6001,28.681,5.5,mww,earthquake,"60 km SSE of Santa Gertrudis Miramar, Mexico",us,reviewed
us6000px2p,1741197902737,2025-03-05T18:05:02.737Z,166.7919,-12.8503,109.509,5.0,mww,earthquake,"140 km NW of Sola, Vanuatu",us,reviewed
us6000px3f,1741205588429,2025-03-05T20:13:08.429Z,-98.7959,2.3317,10.0,5.3,mww,earthquake,west of the Galapagos Islands,us,reviewed
us6000px4p,1741220188836,2025-03-06T00:16:28.836Z,68.5939,-5.0872,10.0,5.1,mww,earthquake,Chagos Archipelago region,us,reviewed
us6000px89,1741278099333,2025-03-06T16:21:39.333Z,-69.0636,-23.3399,96.0,6.0,mww,earthquake,"98 km S of Calama, Chile",us,reviewed
us6000pxdf,1741336443808,2025-03-07T08:34:03.808Z,121.0319,-2.4858,10.0,5.0,mww,earthquake,"78 km E of Masamba, Indonesia",us,reviewed
us6000pxeb,1741349872410,2025-03-07T12:17:52.410Z,-72.0456,-14.5617,114.325,5.4,mww,earthquake,"12 km NNW of Cayarani, Peru",us,reviewed
us6000pxef,1741351368302,2025-03-07T12:42:48.302Z,94.6405,5.4937,65.385,5.0,mww,earthquake,"76 km W of Banda Aceh, Indonesia",us,reviewed
us6000pxht,1741380359563,2025-03-07T20:45:59.563Z,96.2623,-46.5453,10.0,5.2,mww,earthquake,southeast Indian Ridge,us,reviewed
us6000pxlb,1741412261913,2025-03-08T05:37:41.913Z,-77.5464,-1.3443,191.941,5.3,mww,earthquake,"48 km SE of Tena, Ecuador",us,reviewed
us6000pxln,1741417937150,2025-03-08T07:12:17.150Z,142.2891,40.2125,57.12,5.2,mww,earthquake,"41 km ENE of Noda, Japan",us,reviewed
us6000pxlv,1741423817952,2025-03-08T08:50:17.952Z,87.5508,28.5719,10.0,5.0,mww,earthquake,"100 km NE of Lobuche, Nepal",us,reviewed
us6000pxnp,1741460044724,2025-03-08T18:54:04.724Z,130.192,28.6865,24.0,5.7,mww,earthquake,"63 km ENE of Tatsugō, Japan",us,reviewed
us6000pxpv,1741477375012,2025-03-08T23:42:55.012Z,130.2922,28.7303,26.0,5.7,mww,earthquake,"74 km ENE of Tatsugō, Japan",us,reviewed
us6000pxrf,1741494263513,2025-03-09T04:24:23.513Z,130.0465,28.7208,35.0,5.0,mww,earthquake,"52 km NE of Tatsugō, Japan",us,reviewed
us6000pxxd,1741497399592,2025-03-09T05:16:39.592Z,153.9598,-61.4813,10.0,5.4,mww,earthquake,Balleny Islands region,us,reviewed
us6000pxrm,1741499877426,2025-03-09T05:57:57.426Z,130.1682,28.7107,35.668,5.2,mb,earthquake,"62 km ENE of Tatsugō, Japan",us,reviewed
us6000pxvx,1741573994609,2025-03-10T02:33:14.609Z,-8.1733,71.176,10.0,6.5,mww,earthquake,"34 km NE of Olonkinbyen, Svalbard and Jan Mayen",us,reviewed
us6000py1g,1741644919718,2025-03-10T22:15:19.718Z,-13.1369,-11.6139,10.0,5.0,mb,earthquake,Ascension Island region,us,reviewed
us6000py2d,1741659046379,2025-03-11T02:10:46.379Z,130.2951,28.7976,28.76,5.1,mww,earthquake,"78 km ENE of Tatsugō, Japan",us,reviewed
us6000py3k,1741680876230,2025-03-11T08:14:36.230Z,-25.1323,37.4939,10.0,5.1,mww,earthquake,"30 km SSE of Povoação, Portugal",us,reviewed
us6000py3p,1741681933466,2025-03-11T08:32:13.466Z,-81.6185,11.4145,10.0,5.4,mww,earthquake,Western Caribbean Sea,us,reviewed
us6000py4l,1741702088434,2025-03-11T14:08:08.434Z,-70.6352,-10.479,648.298,5.6,mww,earthquake,"126 km WNW of Iñapari, Peru",us,reviewed
us6000py97,1741758131676,2025-03-12T05:42:11.676Z,92.5548,6.9701,23.0,6.0,mww,earthquake,"Nicobar Islands, India region",us,reviewed
us6000pybu,1741792184490,2025-03-12T15:09:44.490Z,127.3806,8.3112,9.0,5.5,mww,earthquake,"105 km E of Barcelona, Philippines",us,reviewed
us6000pyi3,1741842578116,2025-03-13T05:09:38.116Z,121.5318,23.0969,14.692,5.2,mww,earthquake,"97 km S of Hualien City, Taiwan",us,reviewed
us6000pykl,1741880742430,2025-03-13T15:45:42.430Z,127.7226,-7.5368,176.888,5.0,mww,earthquake,"135 km NE of Lospalos, Timor Leste",us,reviewed
us6000pyp3,1741900805314,2025-03-13T21:20:05.314Z,76.6596,33.0503,10.0,5.1,mww,earthquake,"50 km SSW of Padam, India",us,reviewed
us6000pysg,1741950812449,2025-03-14T11:13:32.449Z,120.2572,1.1243,27.644,5.4,mww,earthquake,"228 km N of Palu, Indonesia",us,reviewed
us6000pywp,1741981035436,2025-03-14T19:37:15.436Z,15.4373,41.9796,9.637,5.0,mww,earthquake,"14 km NNE of Lesina, Italy",us,reviewed
us6000pyxv,1741995752269,2025-03-14T23:42:32.269Z,-27.07,-55.8177,13.0,5.9,mww,earthquake,South Sandwich Islands region,us,reviewed
us6000pyyq,1742008767274,2025-03-15T03:19:27.274Z,-97.4253,17.3361,62.0,5.6,mww,earthquake,"5 km W of San Pedro Tidaá, Mexico",us,reviewed
us6000pz1v,1742056116764,2025-03-15T16:28:36.764Z,147.5529,-6.0962,56.75,5.0,mb,earthquake,"60 km NNW of Finschhafen, Papua New Guinea",us,reviewed
us6000pz7g,1742151188794,2025-03-16T18:53:08.794Z,40.0784,9.379,10.0,5.4,mww,earthquake,"44 km NNW of Āwash, Ethiopia",us,reviewed
us6000pza2,1742197227905,2025-03-17T07:40:27.905Z,-109.1753,19.6989,10.0,5.1,mww,earthquake,Revilla Gigedo Islands region,us,reviewed
us6000pzam,1742205024150,2025-03-17T09:50:24.150Z,-109.0828,19.4443,10.0,5.5,mww,earthquake,Revilla Gigedo Islands region,us,reviewed
us6000pzb3,1742215175509,2025-03-17T12:39:35.509Z,-176.9563,-26.9916,80.278,5.0,mww,earthquake,south of the Fiji Islands,us,reviewed
us6000pzdn,1742232738505,2025-03-17T17:32:18.505Z,130.1617,-2.831,18.0,5.8,mww,earthquake,"142 km ENE of Masohi, Indonesia",us,reviewed
us6000pzdr,1742233344514,2025-03-17T17:42:24.514Z,124.1633,-9.0952,97.152,5.1,mb,earthquake,"26 km WNW of Pante Makasar, Timor Leste",us,reviewed
us6000pzf1,1742246282059,2025-03-17T21:18:02.059Z,145.8589,-5.9036,65.417,5.1,mb,earthquake,"42 km N of Kainantu, Papua New Guinea",us,reviewed
us6000pzf4,1742250216962,2025-03-17T22:23:36.962Z,99.1323,1.8751,46.856,5.4,mww,earthquake,"41 km ENE of Sibolga, Indonesia",us,reviewed
us6000pzhi,1742264854578,2025-03-18T02:27:34.578Z,-34.3458,-55.7425,10.0,5.0,mb,earthquake,South Georgia Island region,us,reviewed
us6000pzix,1742284140454,2025-03-18T07:49:00.454Z,94.8302,24.3088,118.337,5.1,mww,earthquake,"83 km ESE of Wāngjing, India",us,reviewed
us6000pzn5,1742332668760,2025-03-18T21:17:48.760Z,-71.283,-30.0662,68.436,5.3,mww,earthquake,"13 km SSE of Coquimbo, Chile",us,reviewed
us6000pznk,1742338354157,2025-03-18T22:52:34.157Z,-28.9052,-55.378,36.839,5.6,mww,earthquake,South Sandwich Islands region,us,reviewed
us6000pzqc,1742371988362,2025-03-19T08:13:08.362Z,-176.1399,51.0428,13.018,5.0,mww,earthquake,"98 km SSE of Adak, Alaska",us,reviewed
us6000pzqt,1742384781789,2025-03-19T11:46:21.789Z,-26.6432,-60.5361,10.0,5.1,mb,earthquake,South Sandwich Islands region,us,reviewed
us6000pzw2,1742442975305,2025-03-20T03:56:15.305Z,48.7853,12.7672,10.0,5.2,mww,earthquake,"169 km NNW of Bosaso, Somalia",us,reviewed
us6000pzwb,1742444931980,2025-03-20T04:28:51.980Z,-176.0641,51.1094,17.0,5.6,mww,earthquake,"93 km SSE of Adak, Alaska",us,reviewed
us6000pzwx,1742447586399,2025-03-20T05:13:06.399Z,-176.0968,51.0945,35.0,5.4,mww,earthquake,"94 km SSE of Adak, Alaska",us,reviewed
us6000pzxa,1742450828453,2025-03-20T06:07:08.453Z,-176.1211,51.1529,20.0,5.2,mww,earthquake,"87 km SSE of Adak, Alaska",us,reviewed
us6000pzxi,1742452219231,2025-03-20T06:30:19.231Z,-27.2551,-60.4288,24.071,5.7,mww,earthquake,South Sandwich Islands region,us,reviewed
us6000pzy8,1742458518714,2025-03-20T08:15:18.714Z,-88.8131,13.0126,68.651,5.0,mww,earthquake,"41 km SW of Puerto El Triunfo, El Salvador",us,reviewed
us6000q001,1742472261686,2025-03-20T12:04:21.686Z,-27.0028,-56.2513,117.923,5.3,mb,earthquake,South Sandwich Islands region,us,reviewed
us7000pled,1742499363829,2025-03-20T19:36:03.829Z,172.4777,-22.8507,10.0,5.2,mww,earthquake,southeast of the Loyalty Islands,us,reviewed
us7000plf7,1742504409168,2025-03-20T21:00:09.168Z,66.6054,-16.4872,10.0,5.4,mww,earthquake,Mid-Indian Ridge,us,reviewed
us7000plg4,1742512396427,2025-03-20T23:13:16.427Z,102.3219,-46.6991,10.0,5.0,mww,earthquake,southeast Indian Ridge,us,reviewed
us7000pljf,1742549625914,2025-03-21T09:33:45.914Z,104.065,43.3639,10.0,5.0,mb,earthquake,"37 km SW of Dalandzadgad, Mongolia",us,reviewed
us7000pllt,1742568651364,2025-03-21T14:50:51.364Z,-82.4666,6.9863,10.0,6.2,mww,earthquake,"124 km SSE of Burica, Panama",us,reviewed
us7000pllu,1742568821774,2025-03-21T14:53:41.774Z,-176.0703,51.1558,17.0,6.2,mww,earthquake,"88 km SSE of Adak, Alaska",us,reviewed
us7000pllx,1742569108059,2025-03-21T14:58:28.059Z,-176.1097,51.1563,26.674,5.9,mww,earthquake,"87 km SSE of Adak, Alaska",us,reviewed
us7000pllz,1742569405258,2025-03-21T15:03:25.258Z,-176.0662,51.1928,35.0,5.0,mb,earthquake,"85 km SSE of Adak, Alaska",us,reviewed
us7000plp9,1742576931299,2025-03-21T17:08:51.299Z,155.6813,-7.0879,83.04,5.0,mb,earthquake,"88 km SSE of Panguna, Papua New Guinea",us,reviewed
us7000plq1,1742585299572,2025-03-21T19:28:19.572Z,159.3407,-8.6014,10.0,5.0,mb,earthquake,"57 km SSW of Buala, Solomon Islands",us,reviewed
us7000plrn,1742606113647,2025-03-22T01:15:13.647Z,-178.7644,-26.0219,347.281,5.5,mww,earthquake,south of the Fiji Islands,us,reviewed
us7000plu1,1742636961891,2025-03-22T09:49:21.891Z,-176.1067,51.1545,20.0,5.6,mww,earthquake,"88 km SSE of Adak, Alaska",us,reviewed
us7000pluz,1742647903523,2025-03-22T12:51:43.523Z,166.9915,-14.0776,119.662,5.3,mww,earthquake,"64 km WSW of Sola, Vanuatu",us,reviewed
us7000plxa,1742681667204,2025-03-22T22:14:27.204Z,124.7579,25.6669,126.885,5.1,mww,earthquake,"110 km NNW of Hirara, Japan",us,reviewed
us7000pm4g,1742772983698,2025-03-23T23:36:23.698Z,-172.4924,-19.3707,10.0,5.1,mb,earthquake,"176 km ESE of Neiafu, Tonga",us,reviewed
us7000pm5g,1742790569100,2025-03-24T04:29:29.100Z,93.7118,10.1202,10.0,5.1,mww,earthquake,"200 km SSE of Port Blair, India",us,reviewed
us7000pm5f,1742790909150,2025-03-24T04:35:09.150Z,-71.3044,-29.7106,79.842,5.1,mww,earthquake,"22 km NNW of La Serena, Chile",us,reviewed
us7000pm7v,1742815065391,2025-03-24T11:17:45.391Z,57.3603,30.7301,10.0,5.1,mb,earthquake,"56 km NNE of Kerman, Iran",us,reviewed
us7000pm7w,1742815298311,2025-03-24T11:21:38.311Z,105.3353,28.1045,10.0,5.0,mb,earthquake,"12 km SW of Xuyong, China",us,reviewed
us6000q3pb,1742823791734,2025-03-24T13:43:11.734Z,176.2577,-64.3844,10.0,5.0,mww,earthquake,Balleny Islands region,us,reviewed
us7000pmem,1742866991796,2025-03-25T01:43:11.796Z,165.8632,-46.7305,21.0,6.7,mww,earthquake,"170 km WSW of Riverton, New Zealand",us,reviewed
us7000pmfb,1742871387725,2025-03-25T02:56:27.725Z,165.7542,-46.6837,10.0,5.4,mww,earthquake,"177 km W of Riverton, New Zealand",us,reviewed
us7000pmgz,1742896250980,2025-03-25T09:50:50.980Z,130.3559,-6.3052,128.431,5.0,mb,earthquake,"275 km WSW of Tual, Indonesia",us,reviewed
us7000pmm9,1742943353097,2025-03-25T22:55:53.097Z,-69.1246,-20.2166,99.584,5.3,mww,earthquake,"57 km ENE of La Tirana, Chile",us,reviewed
us7000pmng,1742960929599,2025-03-26T03:48:49.599Z,160.5823,-9.9302,10.0,5.0,mb,earthquake,"88 km SE of Honiara, Solomon Islands",us,reviewed
us7000pmp9,1742971526097,2025-03-26T06:45:26.097Z,155.6966,-7.1161,10.0,5.1,mb,earthquake,"91 km SSE of Panguna, Papua New Guinea",us,reviewed
us7000pmpg,1742973981203,2025-03-26T07:26:21.203Z,-25.461,-58.9779,35.0,5.3,mww,earthquake,South Sandwich Islands region,us,reviewed
us7000pmwp,1743025299099,2025-03-26T21:41:39.099Z,-177.7488,-30.1648,35.0,5.0,mb,earthquake,"Kermadec Islands, New Zealand",us,reviewed
us7000pmxp,1743036085987,2025-03-27T00:41:25.987Z,-27.4264,-56.1929,123.592,5.7,mww,earthquake,South Sandwich Islands region,us,reviewed
us7000pn5l,1743104576970,2025-03-27T19:42:56.970Z,149.9623,-6.413,23.128,5.2,mww,earthquake,"51 km ESE of Kandrian, Papua New Guinea",us,reviewed
us7000pn66,1743111193778,2025-03-27T21:33:13.778Z,-113.1135,-22.9829,10.0,5.0,mb,earthquake,Easter Island region,us,reviewed
us7000pn7g,1743122061875,2025-03-28T00:34:21.875Z,-29.665,0.7055,10.0,6.1,mww,earthquake,central Mid-Atlantic Ridge,us,reviewed
us7000pn8m,1743124804771,2025-03-28T01:20:04.771Z,168.8176,-19.2093,37.0,5.7,mww,earthquake,"61 km NW of Isangel, Vanuatu",us,reviewed
us7000pn8t,1743126835681,2025-03-28T01:53:55.681Z,168.139,-15.9497,167.556,5.0,mb,earthquake,"79 km ENE of Lakatoro, Vanuatu",us,reviewed
us7000pn9s,1743142852715,2025-03-28T06:20:52.715Z,95.9363,22.011,10.0,7.7,mww,earthquake,"2025 Mandalay, Burma (Myanmar) Earthquake",us,reviewed
us7000pn9z,1743143524777,2025-03-28T06:32:04.777Z,95.969,21.6975,10.0,6.7,mww,earthquake,Burma (Myanmar),us,reviewed
us7000pnf2,1743182247868,2025-03-28T17:17:27.868Z,-29.7635,0.7561,12.323,6.6,mww,earthquake,central Mid-Atlantic Ridge,us,reviewed
us7000pnig,1743214267143,2025-03-29T02:11:07.143Z,147.8694,12.5449,10.0,5.2,mb,earthquake,Mariana Islands region,us,reviewed
us7000pnkj,1743240048229,2025-03-29T09:20:48.229Z,96.0761,19.6858,10.0,5.1,mb,earthquake,"8 km SW of Nay Pyi Taw, Burma (Myanmar)",us,reviewed
us7000pnri,1743303513125,2025-03-30T02:58:33.125Z,95.3597,5.5006,10.0,5.1,mb,earthquake,"5 km SSE of Banda Aceh, Indonesia",us,reviewed
us7000pntq,1743337130362,2025-03-30T12:18:50.362Z,-174.0718,-20.3036,29.0,7.0,mww,earthquake,"61 km SSE of Pangai, Tonga",us,reviewed
us7000pnvp,1743347094834,2025-03-30T15:04:54.834Z,-174.0115,-20.3816,17.0,6.2,mww,earthquake,"72 km SSE of Pangai, Tonga",us,reviewed
us7000pnvu,1743348373319,2025-03-30T15:26:13.319Z,-173.7698,-20.5078,10.0,5.0,mb,earthquake,"98 km SE of Pangai, Tonga",us,reviewed
us7000pnvv,1743348829612,2025-03-30T15:33:49.612Z,-174.0813,-20.2249,27.136,5.9,mww,earthquake,"53 km SSE of Pangai, Tonga",us,reviewed
us7000pnxn,1743371501778,2025-03-30T21:51:41.778Z,-173.978,-20.267,10.0,5.2,mww,earthquake,"63 km SE of Pangai, Tonga",us,reviewed
us7000pp0s,1743428176026,2025-03-31T13:36:16.026Z,-29.6505,0.7628,10.0,5.2,mb,earthquake,central Mid-Atlantic Ridge,us,reviewed
us7000pp13,1743436457424,2025-03-31T15:54:17.424Z,119.0489,-10.0069,11.867,5.6,mww,earthquake,"67 km SSW of Tambolaka, Indonesia",us,reviewed
ak02546kb91j,1743480276944,2025-04-01T04:04:36.944Z,-156.3782,58.1204,12.7,5.1,mww,earthquake,"59 km E of Egegik, Alaska",ak,reviewed
us7000pp6u,1743487539338,2025-04-01T06:05:39.338Z,-14.1633,-46.049,10.0,5.1,mb,earthquake,southern Mid-Atlantic Ridge,us,reviewed
us7000pp7n,1743502556075,2025-04-01T10:15:56.075Z,128.5286,-7.4362,143.585,5.7,mww,earthquake,"207 km NE of Lospalos, Timor Leste",us,reviewed
us7000pp8j,1743515980043,2025-04-01T13:59:40.043Z,178.3266,-25.2577,594.504,5.0,mb,earthquake,south of the Fiji Islands,us,reviewed
us7000ppa0,1743526492947,2025-04-01T16:54:52.947Z,-22.5141,63.8879,10.0,5.2,mww,earthquake,"6 km NW of Grindavík, Iceland",us,reviewed
us7000ppcu,1743551992125,2025-04-01T23:59:52.125Z,128.5894,26.0188,10.0,5.0,mww,earthquake,"79 km ESE of Katsuren-haebaru, Japan",us,reviewed
us7000ppd9,1743553762306,2025-04-02T00:29:22.306Z,-142.2862,-57.0079,10.0,6.3,mww,earthquake,Pacific-Antarctic Ridge,us,reviewed
us7000ppfs,1743600284820,2025-04-02T13:24:44.820Z,-29.6712,0.6813,10.0,5.3,mww,earthquake,central Mid-Atlantic Ridge,us,reviewed
us7000ppfy,1743602637825,2025-04-02T14:03:57.825Z,131.522,30.9792,29.0,6.1,mww,earthquake,"56 km ENE of Nishinoomote, Japan",us,reviewed
us7000ppga,1743611195709,2025-04-02T16:26:35.709Z,172.961,53.2407,14.015,5.5,mww,earthquake,"46 km NNW of Attu Station, Alaska",us,reviewed
us6000q3iu,1743627820049,2025-04-02T21:03:40.049Z,126.7258,2.1324,44.0,5.8,mww,earthquake,"149 km WNW of Tobelo, Indonesia",us,reviewed
us6000q3iv,1743627962276,2025-04-02T21:06:02.276Z,-173.5451,-16.6391,46.603,5.1,mb,earthquake,"80 km SSE of Hihifo, Tonga",us,reviewed
us6000q3l2,1743653897878,2025-04-03T04:18:17.878Z,179.3367,-65.1723,10.0,5.5,mww,earthquake,Balleny Islands region,us,reviewed
us6000q3nw,1743689369739,2025-04-03T14:09:29.739Z,-32.1071,52.4538,10.0,6.9,mww,earthquake,Reykjanes Ridge,us,reviewed
us6000q3qi,1743696318717,2025-04-03T16:05:18.717Z,-34.8664,52.7835,10.0,5.4,mb,earthquake,Reykjanes Ridge,us,reviewed
us6000q3sh,1743705777501,2025-04-03T18:42:57.501Z,146.8857,14.1984,10.0,5.1,mb,earthquake,"160 km ESE of San Jose Village, Northern Mariana Islands",us,reviewed
us6000q3ti,1743714715336,2025-04-03T21:11:55.336Z,-177.8313,-28.4127,10.0,5.1,mb,earthquake,Kermadec Islands region,us,reviewed
us6000q3w4,1743753666751,2025-04-04T08:01:06.751Z,-174.4737,-15.6272,201.0,5.6,mww,earthquake,"81 km WNW of Hihifo, Tonga",us,reviewed
us6000q68b,1743753710510,2025-04-04T08:01:50.510Z,-174.5199,-15.4796,177.798,5.3,mb,earthquake,"93 km NW of Hihifo, Tonga",us,reviewed
us6000q3wx,1743763907966,2025-04-04T10:51:47.966Z,145.7379,-5.8592,107.702,5.0,mww,earthquake,"46 km ENE of Goroka, Papua New Guinea",us,reviewed
us6000q41n,1743797078129,2025-04-04T20:04:38.129Z,151.6257,-6.3025,9.0,6.9,mww,earthquake,"184 km ESE of Kimbe, Papua New Guinea",us,reviewed
us6000q68w,1743797572496,2025-04-04T20:12:52.496Z,150.9452,-6.0272,10.0,5.1,mb,earthquake,"103 km ESE of Kimbe, Papua New Guinea",us,reviewed
us6000q66u,1743797820683,2025-04-04T20:17:00.683Z,151.6096,-6.1528,10.0,5.4,mb,earthquake,"176 km ESE of Kimbe, Papua New Guinea",us,reviewed
us6000q66z,1743798972125,2025-04-04T20:36:12.125Z,151.4339,-6.1937,10.0,5.0,mb,earthquake,"160 km ESE of Kimbe, Papua New Guinea",us,reviewed
us6000q42k,1743799174464,2025-04-04T20:39:34.464Z,151.546,-6.4231,10.0,5.2,mb,earthquake,"183 km ESE of Kimbe, Papua New Guinea",us,reviewed
us6000q43j,1743801281733,2025-04-04T21:14:41.733Z,151.4977,-6.2406,10.0,5.0,mb,earthquake,"168 km ESE of Kimbe, Papua New Guinea",us,reviewed
us6000q43z,1743802146981,2025-04-04T21:29:06.981Z,151.5316,-6.331,10.0,5.0,mb,earthquake,"176 km ESE of Kimbe, Papua New Guinea",us,reviewed
us6000q443,1743803188577,2025-04-04T21:46:28.577Z,151.6346,-6.1862,10.0,5.1,mb,earthquake,"180 km ESE of Kimbe, Papua New Guinea",us,reviewed
us6000q447,1743803770068,2025-04-04T21:56:10.068Z,151.5777,-6.211,10.0,5.0,mb,earthquake,"175 km ESE of Kimbe, Papua New Guinea",us,reviewed
us6000q446,1743804133217,2025-04-04T22:02:13.217Z,151.6982,-6.156,10.0,5.2,mb,earthquake,"185 km ESE of Kimbe, Papua New Guinea",us,reviewed
us6000q44n,1743805679740,2025-04-04T22:27:59.740Z,151.6085,-6.3578,10.0,5.1,mb,earthquake,"185 km ESE of Kimbe, Papua New Guinea",us,reviewed
us6000q45z,1743814520229,2025-04-05T00:55:20.229Z,151.759,-6.2979,10.0,5.1,mb,earthquake,"197 km ESE of Kimbe, Papua New Guinea",us,reviewed
us6000q460,1743814652808,2025-04-05T00:57:32.808Z,151.6212,-6.2313,10.0,5.1,mb,earthquake,"180 km ESE of Kimbe, Papua New Guinea",us,reviewed
us6000q6gp,1743814871924,2025-04-05T01:01:11.924Z,151.7275,-6.1248,10.0,5.0,mb,earthquake,"187 km ESE of Kimbe, Papua New Guinea",us,reviewed
us6000q46u,1743829677310,2025-04-05T05:07:57.310Z,151.4807,-6.2787,10.0,5.1,mb,earthquake,"169 km ESE of Kimbe, Papua New Guinea",us,reviewed
us6000q47k,1743839829413,2025-04-05T07:57:09.413Z,-32.0879,52.488,10.0,5.5,mww,earthquake,Reykjanes Ridge,us,reviewed
us6000q47u,1743843880003,2025-04-05T09:04:40.003Z,151.5526,-6.4253,10.0,5.4,mww,earthquake,"184 km ESE of Kimbe, Papua New Guinea",us,reviewed
us6000q47z,1743844795153,2025-04-05T09:19:55.153Z,-173.5042,-20.0684,10.0,5.1,mb,earthquake,"92 km ESE of Fangale’ounga, Tonga",us,reviewed
us6000q48c,1743852245660,2025-04-05T11:24:05.660Z,151.6058,-6.2918,10.0,5.1,mb,earthquake,"182 km ESE of Kimbe, Papua New Guinea",us,reviewed
us6000q48d,1743852552069,2025-04-05T11:29:12.069Z,-25.624,-57.2671,27.985,5.5,mww,earthquake,South Sandwich Islands region,us,reviewed
us6000q48g,1743852641757,2025-04-05T11:30:41.757Z,151.5362,-6.3742,10.0,5.0,mb,earthquake,"179 km ESE of Kimbe, Papua New Guinea",us,reviewed
us6000q48h,1743852729400,2025-04-05T11:32:09.400Z,-25.508,-57.2438,24.567,5.6,mb,earthquake,South Sandwich Islands region,us,reviewed
us6000q48f,1743852779320,2025-04-05T11:32:59.320Z,144.1145,21.645,10.0,5.0,mww,earthquake,Mariana Islands region,us,reviewed
us6000q493,1743857479182,2025-04-05T12:51:19.182Z,151.6009,-6.2629,10.0,5.0,mb,earthquake,"180 km ESE of Kimbe, Papua New Guinea",us,reviewed
us6000q49r,1743870311929,2025-04-05T16:25:11.929Z,151.743,-6.3046,10.0,5.0,mb,earthquake,"196 km ESE of Kimbe, Papua New Guinea",us,reviewed
us6000q4a5,1743873930474,2025-04-05T17:25:30.474Z,151.6141,-6.1785,10.0,5.1,mb,earthquake,"177 km ESE of Kimbe, Papua New Guinea",us,reviewed
us6000q4b0,1743888214790,2025-04-05T21:23:34.790Z,-176.8938,-22.3641,216.007,5.0,mww,earthquake,"211 km SW of Houma, Tonga",us,reviewed
us6000q4di,1743935819675,2025-04-06T10:36:59.675Z,113.5862,83.5411,10.0,5.0,mww,earthquake,north of Severnaya Zemlya,us,reviewed
us6000q4gt,1743994770867,2025-04-07T02:59:30.867Z,155.5222,49.321,59.051,5.3,mww,earthquake,"156 km SSW of Severo-Kuril’sk, Russia",us,reviewed
us6000q4hk,1744010642956,2025-04-07T07:24:02.956Z,145.5507,14.5882,10.0,5.2,mb,earthquake,"42 km S of San Jose Village, Northern Mariana Islands",us,reviewed
us6000q4ig,1744031331599,2025-04-07T13:08:51.599Z,151.484,-6.2664,10.0,5.1,mb,earthquake,"168 km ESE of Kimbe, Papua New Guinea",us,reviewed
us6000q4ii,1744032579649,2025-04-07T13:29:39.649Z,164.9647,-11.6527,10.0,5.1,mb,earthquake,"137 km SW of Lata, Solomon Islands",us,reviewed
us6000q4iy,1744039720554,2025-04-07T15:28:40.554Z,151.4832,-6.3247,10.0,5.0,mb,earthquake,"171 km ESE of Kimbe, Papua New Guinea",us,reviewed
us6000q4lv,1744055360552,2025-04-07T19:49:20.552Z,96.7622,2.0388,18.0,5.8,mww,earthquake,"64 km SE of Sinabang, Indonesia",us,reviewed
us6000q4pc,1744084506671,2025-04-08T03:55:06.671Z,-29.6564,0.7458,10.0,5.2,mww,earthquake,central Mid-Atlantic Ridge,us,reviewed
us6000q4ql,1744111825314,2025-04-08T11:30:25.314Z,-105.2462,-20.3357,10.0,5.2,mb,earthquake,southeast central Pacific Ocean,us,reviewed
us6000q4rh,1744125994272,2025-04-08T15:26:34.272Z,123.1405,24.8643,123.918,5.3,mww,earthquake,"46 km NNE of Yonakuni, Japan",us,reviewed
us6000q4sw,1744140355660,2025-04-08T19:25:55.660Z,125.0956,4.6687,12.773,5.1,mww,earthquake,"90 km SSW of Sarangani, Philippines",us,reviewed
us6000q4ui,1744151444413,2025-04-08T22:30:44.413Z,-68.3874,-21.0931,120.995,5.0,mww,earthquake,"20 km NW of Ollagüe, Chile",us,reviewed
us6000q4v3,1744163605983,2025-04-09T01:53:25.983Z,121.8518,24.5689,68.993,5.0,mww,earthquake,"23 km SSE of Yilan, Taiwan",us,reviewed
us6000q4vv,1744184394327,2025-04-09T07:39:54.327Z,-38.0993,8.0867,10.0,5.4,mww,earthquake,central Mid-Atlantic Ridge,us,reviewed
us6000q4w1,1744187348760,2025-04-09T08:29:08.760Z,151.5254,-6.1441,10.0,5.0,mb,earthquake,"167 km ESE of Kimbe, Papua New Guinea",us,reviewed
us6000q4x6,1744212082331,2025-04-09T15:21:22.331Z,127.3729,3.5137,31.63,5.0,mb,earthquake,"209 km NNW of Tobelo, Indonesia",us,reviewed
us6000q4zx,1744231366615,2025-04-09T20:42:46.615Z,69.0555,-21.9683,10.0,5.1,mww,earthquake,Mid-Indian Ridge,us,reviewed
us6000q519,1744253007951,2025-04-10T02:43:27.951Z,151.4633,-6.1735,10.0,5.3,mww,earthquake,"162 km ESE of Kimbe, Papua New Guinea",us,reviewed
us6000q526,1744262813718,2025-04-10T05:26:53.718Z,-112.2139,-29.4766,10.0,5.4,mww,earthquake,Easter Island region,us,reviewed
us6000q52k,1744271603652,2025-04-10T07:53:23.652Z,138.6803,-5.9218,35.0,5.3,mww,earthquake,"73 km SE of Agats, Indonesia",us,reviewed
us6000q52w,1744273252382,2025-04-10T08:20:52.382Z,151.442,-6.2936,10.0,5.2,mb,earthquake,"166 km ESE of Kimbe, Papua New Guinea",us,reviewed
us6000q5aq,1744341501128,2025-04-11T03:18:21.128Z,145.3744,18.8878,279.727,5.1,mww,earthquake,"Pagan region, Northern Mariana Islands",us,reviewed
us6000q5ax,1744342737672,2025-04-11T03:38:57.672Z,151.8167,-6.1909,10.0,5.1,mb,earthquake,"198 km ESE of Kimbe, Papua New Guinea",us,reviewed
us6000q5b8,1744347977156,2025-04-11T05:06:17.156Z,130.4454,29.163,26.067,5.0,mww,earthquake,"114 km NE of Tatsugō, Japan",us,reviewed
usd0012wfk,1744427795874,2025-04-12T03:16:35.874Z,-173.9187,-16.5918,73.089,5.2,mww,earthquake,"71 km S of Hihifo, Tonga",us,reviewed
us6000q5ka,1744429628682,2025-04-12T03:47:08.682Z,153.1423,-4.7074,52.0,6.1,mww,earthquake,"104 km ESE of Kokopo, Papua New Guinea",us,reviewed
us6000q5ly,1744451964945,2025-04-12T09:59:24.945Z,123.1867,-49.2063,10.0,5.0,mb,earthquake,western Indian-Antarctic Ridge,us,reviewed
us6000q5mb,1744461471101,2025-04-12T12:37:51.101Z,-27.7684,-56.053,98.408,5.0,mb,earthquake,South Sandwich Islands region,us,reviewed
us6000q5ps,1744511097717,2025-04-13T02:24:57.717Z,96.0897,21.2292,10.0,5.3,mww,earthquake,"41 km S of Kyaukse, Burma (Myanmar)",us,reviewed
us6000q5q0,1744516103572,2025-04-13T03:48:23.572Z,147.414,-6.7172,63.058,5.4,mww,earthquake,"46 km E of Lae, Papua New Guinea",us,reviewed
us6000q5q7,1744517724903,2025-04-13T04:15:24.903Z,-28.7264,-60.1411,10.0,5.2,mb,earthquake,South Sandwich Islands region,us,reviewed
us6000q5q8,1744518240966,2025-04-13T04:24:00.966Z,70.8325,38.8992,8.0,5.8,mww,earthquake,"42 km ESE of Rasht, Tajikistan",us,reviewed
us6000q5re,1744535612789,2025-04-13T09:13:32.789Z,149.7932,48.7331,369.0,5.9,mww,earthquake,northwest of the Kuril Islands,us,reviewed
us7000pvk4,1744541234367,2025-04-13T10:47:14.367Z,151.8221,-6.1668,10.0,5.1,mb,earthquake,"198 km ESE of Kimbe, Papua New Guinea",us,reviewed
us6000q5s5,1744552766972,2025-04-13T13:59:26.972Z,151.9165,-6.1482,10.0,5.0,mb,earthquake,"203 km S of Kokopo, Papua New Guinea",us,reviewed
us6000q5sv,1744562413799,2025-04-13T16:40:13.799Z,-178.606,-31.4859,75.829,5.1,mb,earthquake,Kermadec Islands region,us,reviewed
us6000q5t8,1744564502778,2025-04-13T17:15:02.778Z,-82.0566,-44.1216,10.0,5.1,mww,earthquake,West Chile Rise,us,reviewed
us6000q5tp,1744574602841,2025-04-13T20:03:22.841Z,-178.3309,-25.9815,271.0,6.5,mww,earthquake,south of the Fiji Islands,us,reviewed
us7000pvkh,1744579438410,2025-04-13T21:23:58.410Z,-178.2863,-32.9274,10.0,5.0,mb,earthquake,south of the Kermadec Islands,us,reviewed
us6000q5ue,1744579825822,2025-04-13T21:30:25.822Z,-86.1985,10.4185,10.0,5.1,mb,earthquake,"41 km WNW of Tamarindo, Costa Rica",us,reviewed
us6000q5vw,1744594392336,2025-04-14T01:33:12.336Z,126.109,0.4878,20.648,5.2,mww,earthquake,"145 km WSW of Ternate, Indonesia",us,reviewed
ci40925991,1744650508110,2025-04-14T17:08:28.110Z,-116.5948333,33.0358333,14.29,5.21,mw,earthquake,"5 km S of Julian, CA",ci,reviewed
us6000q64r,1744716153898,2025-04-15T11:22:33.898Z,-23.4941,-16.6788,10.0,5.1,mb,earthquake,South Atlantic Ocean,us,reviewed
us6000q65u,1744732142502,2025-04-15T15:49:02.502Z,154.9779,-6.5123,72.847,5.2,mww,earthquake,"60 km WSW of Panguna, Papua New Guinea",us,reviewed
us6000q6br,1744753362326,2025-04-15T21:42:42.326Z,124.2362,5.8038,10.0,5.6,mww,earthquake,"37 km SSW of Maguling, Philippines",us,reviewed
us6000q6c1,1744758400142,2025-04-15T23:06:40.142Z,-58.4442,-59.8674,10.0,5.0,mww,earthquake,Scotia Sea,us,reviewed
us6000q6c3,1744758839048,2025-04-15T23:13:59.048Z,70.5792,35.9493,99.0,5.6,mww,earthquake,"66 km NNW of Pārūn, Afghanistan",us,reviewed
us6000q6cs,1744767779524,2025-04-16T01:42:59.524Z,99.613,-47.8089,10.0,6.6,mww,earthquake,southeast Indian Ridge,us,reviewed
us6000q6d3,1744770357732,2025-04-16T02:25:57.732Z,99.8259,-47.9451,10.0,5.2,mb,earthquake,southeast Indian Ridge,us,reviewed
us6000q6d9,1744775389517,2025-04-16T03:49:49.517Z,-178.4701,51.1962,35.0,5.2,mwr,earthquake,"148 km WSW of Adak, Alaska",us,reviewed
us6000q6e3,1744788614432,2025-04-16T07:30:14.432Z,-172.9932,-19.022,10.0,5.0,mb,earthquake,"112 km ESE of Neiafu, Tonga",us,reviewed
us6000q6fi,1744807261865,2025-04-16T12:41:01.865Z,-14.2721,-32.4828,10.0,5.6,mww,earthquake,southern Mid-Atlantic Ridge,us,reviewed
us6000q6kl,1744824924677,2025-04-16T17:35:24.677Z,-179.5991,-33.874,48.87,5.3,mww,earthquake,south of the Kermadec Islands,us,reviewed
us6000q6kn,1744825483559,2025-04-16T17:44:43.559Z,-179.3438,-33.8625,58.661,5.4,mww,earthquake,south of the Kermadec Islands,us,reviewed
us6000q6kv,1744827236354,2025-04-16T18:13:56.354Z,141.566,11.7613,10.0,5.0,mb,earthquake,"248 km NNE of Fais, Micronesia",us,reviewed
us6000q6n2,1744851084547,2025-04-17T00:51:24.547Z,124.8572,0.3501,21.676,5.5,mww,earthquake,"48 km ESE of Modisi, Indonesia",us,reviewed
us6000q6ne,1744864455958,2025-04-17T04:34:15.958Z,115.7634,-11.2696,10.0,5.1,mww,earthquake,"279 km SSE of Nusa Dua, Indonesia",us,reviewed
us7000pwmg,1744864504748,2025-04-17T04:35:04.748Z,115.5206,-10.9801,10.0,5.4,mb,earthquake,"243 km S of Nusa Dua, Indonesia",us,reviewed
us6000q6q4,1744883131045,2025-04-17T09:45:31.045Z,-96.5398,2.1626,10.0,5.2,mww,earthquake,west of the Galapagos Islands,us,reviewed
us6000q6xh,1744935018965,2025-04-18T00:10:18.965Z,-67.9999,-23.4826,137.0,5.6,mww,earthquake,"66 km SSE of San Pedro de Atacama, Chile",us,reviewed
us6000q6zb,1744961053873,2025-04-18T07:24:13.873Z,151.5387,-6.2175,10.0,5.1,mb,earthquake,"171 km ESE of Kimbe, Papua New Guinea",us,reviewed
us6000q72m,1745001703324,2025-04-18T18:41:43.324Z,164.4654,55.3765,10.0,5.4,mww,earthquake,"156 km SE of Ust’-Kamchatsk Staryy, Russia",us,reviewed
us6000q73u,1745013796470,2025-04-18T22:03:16.470Z,-177.257,-28.5387,68.103,5.0,mb,earthquake,Kermadec Islands region,us,reviewed
us6000q76g,1745045275932,2025-04-19T06:47:55.932Z,71.2246,36.2223,98.0,5.7,mww,earthquake,"58 km SSW of Ashkāsham, Afghanistan",us,reviewed
us6000q787,1745070622145,2025-04-19T13:50:22.145Z,-34.3576,7.2218,10.0,5.6,mww,earthquake,central Mid-Atlantic Ridge,us,reviewed
us6000q78l,1745079074518,2025-04-19T16:11:14.518Z,124.1463,5.8328,12.0,5.9,mww,earthquake,"39 km SW of Malisbeng, Philippines",us,reviewed
us6000q78m,1745081447031,2025-04-19T16:50:47.031Z,124.2299,5.8558,10.0,5.1,mww,earthquake,"32 km SSW of Malisbeng, Philippines",us,reviewed
us6000q78n,1745081705702,2025-04-19T16:55:05.702Z,-173.5079,-15.1316,36.899,5.5,mww,earthquake,"96 km NNE of Hihifo, Tonga",us,reviewed
us6000q78s,1745084231031,2025-04-19T17:37:11.031Z,124.1032,5.8269,14.473,5.3,mww,earthquake,"42 km SW of Malisbeng, Philippines",us,reviewed
us6000q7ex,1745173190158,2025-04-20T18:19:50.158Z,130.9957,-3.3667,10.0,5.4,mww,earthquake,"152 km WSW of Fakfak, Indonesia",us,reviewed
us6000q7ix,1745221992465,2025-04-21T07:53:12.465Z,-15.862,-1.2715,10.0,5.2,mb,earthquake,north of Ascension Island,us,reviewed
us7000pu0x,1745250419897,2025-04-21T15:46:59.897Z,-27.8773,-56.0805,119.055,5.1,mb,earthquake,South Sandwich Islands region,us,reviewed
us7000pu5z,1745316844442,2025-04-22T10:14:04.442Z,106.94,-8.1895,41.502,5.2,mww,earthquake,"122 km SSW of Banjar, Indonesia",us,reviewed
us7000pu62,1745317031888,2025-04-22T10:17:11.888Z,127.831,4.5538,104.0,6.2,mww,earthquake,"271 km SE of Pondaguitan, Philippines",us,reviewed
us7000pu7q,1745328548956,2025-04-22T13:29:08.956Z,146.9905,-5.498,199.0,5.7,mww,earthquake,"135 km N of Lae, Papua New Guinea",us,reviewed
us7000pua2,1745340902990,2025-04-22T16:55:02.990Z,151.0543,-32.7,10.0,5.1,mb,earthquake,"18 km SW of Singleton, Australia",us,reviewed
us7000pua3,1745340932564,2025-04-22T16:55:32.564Z,167.1763,-13.1236,197.0,5.7,mww,earthquake,"92 km NNW of Sola, Vanuatu",us,reviewed
us7000puc7,1745354255559,2025-04-22T20:37:35.559Z,-173.4314,-20.7193,10.0,5.0,mb,earthquake,"139 km SE of Pangai, Tonga",us,reviewed
us7000pufs,1745401751631,2025-04-23T09:49:11.631Z,28.1897,40.8342,12.736,6.2,mww,earthquake,"24 km SE of Marmara Ereğlisi, Turkey",us,reviewed
us7000pufy,1745402553619,2025-04-23T10:02:33.619Z,28.4829,40.8888,10.0,5.0,mb,earthquake,"14 km S of Kumburgaz, Turkey",us,reviewed
us7000pufz,1745403092211,2025-04-23T10:11:32.211Z,151.6565,-6.0355,10.0,5.1,mb,earthquake,"176 km ESE of Kimbe, Papua New Guinea",us,reviewed
us7000puqk,1745425547551,2025-04-23T16:25:47.551Z,-105.1749,-35.4064,10.0,5.2,mww,earthquake,southern East Pacific Rise,us,reviewed
us7000pulm,1745445469766,2025-04-23T21:57:49.766Z,-175.3341,-19.6606,130.697,5.0,mb,earthquake,"104 km W of Pangai, Tonga",us,reviewed
us7000pun2,1745464808685,2025-04-24T03:20:08.685Z,-71.8782,-30.7311,28.582,5.1,mww,earthquake,"66 km WSW of Ovalle, Chile",us,reviewed
us7000puqf,1745495830477,2025-04-24T11:57:10.477Z,157.6197,48.628,10.0,5.0,mww,earthquake,"251 km SSE of Severo-Kuril’sk, Russia",us,reviewed
us7000pux2,1745533377397,2025-04-24T22:22:57.397Z,95.9761,-46.3555,10.0,5.7,mww,earthquake,southeast Indian Ridge,us,reviewed
us7000pv06,1745581492634,2025-04-25T11:44:52.634Z,-79.5319,1.0835,18.0,6.3,mww,earthquake,"19 km NE of Esmeraldas, Ecuador",us,reviewed
us7000pv09,1745582237579,2025-04-25T11:57:17.579Z,-175.3988,-23.4844,10.0,5.2,mb,earthquake,"241 km S of ‘Ohonua, Tonga",us,reviewed
us7000pv4w,1745619339739,2025-04-25T22:15:39.739Z,147.4341,-6.748,44.774,5.1,mb,earthquake,"48 km E of Lae, Papua New Guinea",us,reviewed
us7000pv5c,1745627266992,2025-04-26T00:27:46.992Z,170.5915,-22.1785,10.0,5.1,mww,earthquake,"288 km ESE of Tadine, New Caledonia",us,reviewed
us7000pv6f,1745641309088,2025-04-26T04:21:49.088Z,98.982,31.09,10.0,5.1,mww,earthquake,"171 km E of Qamdo, China",us,reviewed
us7000pv9q,1745693650138,2025-04-26T18:54:10.138Z,-17.8943,-57.7797,10.0,5.0,mb,earthquake,east of the South Sandwich Islands,us,reviewed
us7000pvax,1745715394707,2025-04-27T00:56:34.707Z,-176.2021,-28.8614,10.0,5.1,mb,earthquake,Kermadec Islands region,us,reviewed
us7000pvd8,1745745762704,2025-04-27T09:22:42.704Z,147.0791,-56.1563,10.0,5.9,mww,earthquake,west of Macquarie Island,us,reviewed
us7000pvdp,1745747467134,2025-04-27T09:51:07.134Z,147.1152,-56.2791,10.0,5.1,mww,earthquake,west of Macquarie Island,us,reviewed
us7000pvfb,1745772865986,2025-04-27T16:54:25.986Z,121.0904,19.2094,20.0,5.5,mww,earthquake,"66 km N of Claveria, Philippines",us,reviewed
us7000pvfd,1745774307488,2025-04-27T17:18:27.488Z,121.1565,19.2068,18.0,5.6,mww,earthquake,"65 km N of Namuac, Philippines",us,reviewed
us7000pvhf,1745807698777,2025-04-28T02:34:58.777Z,-168.5126,52.2281,10.786,5.0,mww,earthquake,"82 km SSE of Nikolski, Alaska",us,reviewed
us7000pvqh,1745899282438,2025-04-29T04:01:22.438Z,149.8973,-6.2542,35.0,5.4,mww,earthquake,"39 km E of Kandrian, Papua New Guinea",us,reviewed
us7000pvry,1745914643297,2025-04-29T08:17:23.297Z,81.8287,33.4369,10.0,5.0,mww,earthquake,western Xizang,us,reviewed
us7000pvt7,1745932592562,2025-04-29T13:16:32.562Z,165.3571,-48.1824,10.595,6.2,mww,earthquake,"285 km SW of Bluff, New Zealand",us,reviewed
us7000pvta,1745933430110,2025-04-29T13:30:30.110Z,-175.2966,-28.1396,10.0,5.6,mww,earthquake,Kermadec Islands region,us,reviewed
us7000pvtd,1745933726180,2025-04-29T13:35:26.180Z,-176.5263,-27.8016,10.0,5.2,mb,earthquake,Kermadec Islands region,us,reviewed
us7000pvtg,1745934561687,2025-04-29T13:49:21.687Z,166.4602,-12.9215,77.681,5.3,mww,earthquake,"158 km NW of Sola, Vanuatu",us,reviewed
us7000pvtr,1745938417897,2025-04-29T14:53:37.897Z,155.6446,-54.2616,18.957,6.8,mww,earthquake,Macquarie Island region,us,reviewed
us7000pvxu,1745952989965,2025-04-29T18:56:29.965Z,155.777,-54.29,10.0,5.0,mb,earthquake,Macquarie Island region,us,reviewed
us7000pvxz,1745954190845,2025-04-29T19:16:30.845Z,-173.9039,-20.8743,10.0,5.1,mb,earthquake,"120 km ENE of ‘Ohonua, Tonga",us,reviewed
us7000pw1p,1746003613646,2025-04-30T09:00:13.646Z,-104.5639,10.0455,10.0,5.2,mww,earthquake,northern East Pacific Rise,us,reviewed
us7000pw2m,1746013903977,2025-04-30T11:51:43.977Z,151.0556,-5.6091,74.502,5.4,mww,earthquake,"101 km E of Kimbe, Papua New Guinea",us,reviewed
us7000pwb3,1746079470610,2025-05-01T06:04:30.610Z,159.5202,-9.517,33.065,5.2,mww,earthquake,"29 km NW of Malango, Solomon Islands",us,reviewed
us7000pwc8,1746096161620,2025-05-01T10:42:41.620Z,150.6475,-6.5292,10.0,5.1,mb,earthquake,"122 km SSE of Kimbe, Papua New Guinea",us,reviewed
us7000pwdl,1746115492814,2025-05-01T16:04:52.814Z,-67.4699,-28.5676,11.0,5.4,mww,earthquake,"56 km S of Tinogasta, Argentina",us,reviewed
us7000pwdx,1746118843689,2025-05-01T17:00:43.689Z,-94.156,15.0451,35.0,5.2,mww,earthquake,"104 km SW of Manuel Ávila Camacho (Ponte Duro), Mexico",us,reviewed
us7000pwfl,1746130982329,2025-05-01T20:23:02.329Z,151.4559,-6.1776,10.0,5.1,mb,earthquake,"161 km ESE of Kimbe, Papua New Guinea",us,reviewed
us7000pwi4,1746159110612,2025-05-02T04:11:50.612Z,-40.9258,31.7558,10.0,5.1,mww,earthquake,northern Mid-Atlantic Ridge,us,reviewed
us7000pwjg,1746175872798,2025-05-02T08:51:12.798Z,-25.0982,-58.0483,38.584,5.0,mb,earthquake,South Sandwich Islands region,us,reviewed
us7000pwjw,1746183559540,2025-05-02T10:59:19.540Z,156.1376,-7.164,43.0,5.8,mww,earthquake,"118 km SE of Panguna, Papua New Guinea",us,reviewed
us7000pwkn,1746190706014,2025-05-02T12:58:26.014Z,-68.1019,-56.8094,10.0,7.4,mww,earthquake,2025 Drake Passage Earthquake,us,reviewed
us7000pwt4,1746190996417,2025-05-02T13:03:16.417Z,-67.3954,-57.0575,10.0,5.5,mb,earthquake,"256 km SSE of Ushuaia, Argentina",us,reviewed
us7000pwl1,1746191265852,2025-05-02T13:07:45.852Z,-68.5794,-56.8541,10.0,5.4,mb,earthquake,"228 km S of Ushuaia, Argentina",us,reviewed
us7000pwkz,1746191380634,2025-05-02T13:09:40.634Z,-67.2023,-57.2358,10.0,5.7,mb,earthquake,"278 km SSE of Ushuaia, Argentina",us,reviewed
us7000pwl0,1746191408321,2025-05-02T13:10:08.321Z,-67.4986,-57.121,10.0,5.6,mb,earthquake,"262 km SSE of Ushuaia, Argentina",us,reviewed
us7000pwl6,1746194102779,2025-05-02T13:55:02.779Z,-67.5325,-57.2793,10.0,5.3,mb,earthquake,"279 km S of Ushuaia, Argentina",us,reviewed
us7000pwl9,1746196686272,2025-05-02T14:38:06.272Z,-67.6032,-57.065,10.0,5.1,mb,earthquake,"254 km S of Ushuaia, Argentina",us,reviewed
us7000pwp8,1746204513458,2025-05-02T16:48:33.458Z,-67.2414,-57.3577,10.0,5.3,mb,earthquake,"291 km SSE of Ushuaia, Argentina",us,reviewed
us7000pwpu,1746208747662,2025-05-02T17:59:07.662Z,-67.0168,-57.304,8.0,6.4,mww,earthquake,"289 km SSE of Ushuaia, Argentina",us,reviewed
us7000px5q,1746209257385,2025-05-02T18:07:37.385Z,-67.0406,-57.418,10.0,5.0,mb,earthquake,Drake Passage,us,reviewed
us7000pwq4,1746210031281,2025-05-02T18:20:31.281Z,-67.1308,-57.3925,10.0,5.1,mb,earthquake,"296 km SSE of Ushuaia, Argentina",us,reviewed
us7000pwqr,1746214429191,2025-05-02T19:33:49.191Z,-67.2137,-57.3958,10.0,5.1,mb,earthquake,"295 km SSE of Ushuaia, Argentina",us,reviewed
us7000pwr3,1746215878541,2025-05-02T19:57:58.541Z,-66.863,-57.3753,10.0,5.0,mb,earthquake,"299 km SSE of Ushuaia, Argentina",us,reviewed
us7000pwrl,1746216855352,2025-05-02T20:14:15.352Z,-67.2677,-57.1328,10.0,5.3,mb,earthquake,"266 km SSE of Ushuaia, Argentina",us,reviewed
us7000pwti,1746239804607,2025-05-03T02:36:44.607Z,-48.7448,-54.3373,10.0,5.0,mb,earthquake,South Atlantic Ocean,us,reviewed
us7000pwu9,1746249036688,2025-05-03T05:10:36.688Z,141.0465,-3.1894,10.0,5.2,mww,earthquake,"62 km SSW of Vanimo, Papua New Guinea",us,reviewed
us7000pwvb,1746266792805,2025-05-03T10:06:32.805Z,-67.7127,-57.0716,10.0,5.0,mb,earthquake,"254 km S of Ushuaia, Argentina",us,reviewed
us7000pwvy,1746276703462,2025-05-03T12:51:43.462Z,121.636,0.5053,92.0,5.9,mww,earthquake,"158 km W of Gorontalo, Indonesia",us,reviewed
us7000pwxb,1746289271019,2025-05-03T16:21:11.019Z,143.5962,-3.3431,10.0,5.0,mb,earthquake,"23 km N of Wewak, Papua New Guinea",us,reviewed
us7000pwxj,1746291854009,2025-05-03T17:04:14.009Z,141.0731,-3.2806,32.353,5.1,mb,earthquake,"70 km SSW of Vanimo, Papua New Guinea",us,reviewed
tx2025iqwk,1746323225553,2025-05-04T01:47:05.553Z,-104.458,31.647,7.5354,5.4,ml,earthquake,"59 km S of Whites City, New Mexico",tx,reviewed
us7000px0q,1746330497874,2025-05-04T03:48:17.874Z,142.0838,29.2375,10.0,5.2,mww,earthquake,"Izu Islands, Japan region",us,reviewed
us7000px0y,1746333486857,2025-05-04T04:38:06.857Z,-67.6987,-57.5433,10.0,5.3,mb,earthquake,Drake Passage,us,reviewed
us7000px11,1746334407847,2025-05-04T04:53:27.847Z,-67.1627,-57.1167,10.0,5.0,mb,earthquake,"266 km SSE of Ushuaia, Argentina",us,reviewed
pr2025124000,1746341904280,2025-05-04T06:58:24.280Z,-64.316,18.9858,20.0,5.63,ml,earthquake,"88 km NE of Cruz Bay, U.S. Virgin Islands",pr,reviewed
us7000px2i,1746359408058,2025-05-04T11:50:08.058Z,160.266,-10.0316,34.909,5.0,mb,earthquake,"70 km ESE of Malango, Solomon Islands",us,reviewed
us7000px6v,1746417339960,2025-05-05T03:55:39.960Z,-107.4203,-35.1429,10.0,6.0,mww,earthquake,southern East Pacific Rise,us,reviewed
us7000px7i,1746433693833,2025-05-05T08:28:13.833Z,-92.5534,16.5292,261.0,5.8,mww,earthquake,"5 km NNE of Nuevo León, Mexico",us,reviewed
us7000px85,1746438406882,2025-05-05T09:46:46.882Z,-71.9242,-29.4675,22.933,5.1,mww,earthquake,"78 km NW of Coquimbo, Chile",us,reviewed
us7000px8b,1746439799032,2025-05-05T10:09:59.032Z,122.0201,23.9405,10.0,5.1,mww,earthquake,"42 km E of Hualien City, Taiwan",us,reviewed
us7000px8h,1746442407776,2025-05-05T10:53:27.776Z,121.9671,23.909,27.0,5.6,mww,earthquake,"37 km ESE of Hualien City, Taiwan",us,reviewed
us7000px8u,1746450947116,2025-05-05T13:15:47.116Z,-176.5617,-28.2867,12.659,5.0,mb,earthquake,Kermadec Islands region,us,reviewed
us7000pxd6,1746479642950,2025-05-05T21:14:02.950Z,-17.4981,64.6302,10.0,5.3,mww,earthquake,"117 km WNW of Höfn, Iceland",us,reviewed
us7000pxfh,1746506372016,2025-05-06T04:39:32.016Z,144.3302,-4.4241,133.215,5.1,mb,earthquake,"49 km SE of Angoram, Papua New Guinea",us,reviewed
us7000pxgl,1746524605684,2025-05-06T09:43:25.684Z,-174.3386,-21.101,10.0,5.0,mb,earthquake,"69 km ENE of ‘Ohonua, Tonga",us,reviewed
us7000pxj7,1746553531436,2025-05-06T17:45:31.436Z,169.4788,-19.9606,102.0,5.5,mww,earthquake,"50 km SSE of Isangel, Vanuatu",us,reviewed
us7000pxjh,1746555310547,2025-05-06T18:15:10.547Z,-104.1959,-4.0452,10.0,5.7,mww,earthquake,central East Pacific Rise,us,reviewed
us7000pxne,1746601748006,2025-05-07T07:09:08.006Z,97.386,0.8917,10.0,5.3,mb,earthquake,"50 km SSW of Gunungsitoli, Indonesia",us,reviewed
us7000pxul,1746659462399,2025-05-07T23:11:02.399Z,69.2985,-22.586,10.0,5.0,mb,earthquake,Mid-Indian Ridge,us,reviewed
us7000pxwq,1746694695015,2025-05-08T08:58:15.015Z,-103.7898,-35.4083,10.0,5.4,mww,earthquake,southeast of Easter Island,us,reviewed
us7000pxx7,1746703360880,2025-05-08T11:22:40.880Z,-80.7011,-3.8399,45.0,5.4,mww,earthquake,"12 km NNW of Cañaveral, Peru",us,reviewed
us7000py39,1746741670028,2025-05-08T22:01:10.028Z,160.0246,-60.5475,10.0,5.7,mww,earthquake,Macquarie Island region,us,reviewed
us7000py8y,1746803847339,2025-05-09T15:17:27.339Z,166.9716,-12.3764,224.913,5.2,mww,earthquake,"177 km NNW of Sola, Vanuatu",us,reviewed
us7000pyba,1746817639428,2025-05-09T19:07:19.428Z,-178.8044,-33.1025,35.0,5.0,mb,earthquake,south of the Kermadec Islands,us,reviewed
us7000pyc9,1746830744663,2025-05-09T22:45:44.663Z,129.1951,-7.1391,162.043,5.3,mww,earthquake,"286 km ENE of Lospalos, Timor Leste",us,reviewed
us7000pydf,1746848047470,2025-05-10T03:34:07.470Z,-74.4726,-15.9025,19.118,5.1,mww,earthquake,"16 km SW of Atiquipa, Peru",us,reviewed
us7000pyjn,1746953863494,2025-05-11T08:57:43.494Z,97.0065,3.7925,85.754,5.7,mww,earthquake,"19 km ENE of Blangpidie, Indonesia",us,reviewed
us7000pyn1,1746962541597,2025-05-11T11:22:21.597Z,168.3085,-17.6883,60.0,5.9,mww,earthquake,"5 km N of Port-Vila, Vanuatu",us,reviewed
us7000pyq7,1746997882060,2025-05-11T21:11:22.060Z,87.6068,29.0536,9.0,5.5,mww,earthquake,"126 km W of Rikaze, China",us,reviewed
us7000pyqc,1747000196871,2025-05-11T21:49:56.871Z,178.5191,62.6809,10.0,5.3,mww,earthquake,"59 km SW of Beringovskiy, Russia",us,reviewed
us7000pyqf,1747001096074,2025-05-11T22:04:56.074Z,-174.1371,-20.4984,10.0,5.4,mww,earthquake,"79 km SSE of Pangai, Tonga",us,reviewed
us7000pyqv,1747010504614,2025-05-12T00:41:44.614Z,-62.3886,10.8661,89.172,5.0,mww,earthquake,"33 km NNW of Güiria, Venezuela",us,reviewed
us7000pytm,1747061669916,2025-05-12T14:54:29.916Z,142.0431,41.5868,60.667,5.3,mww,earthquake,"76 km ENE of Mutsu, Japan",us,reviewed
us7000pytn,1747061870921,2025-05-12T14:57:50.921Z,-69.2257,-18.299,137.81,5.0,mww,earthquake,"96 km WSW of Curahuara de Carangas, Bolivia",us,reviewed
us7000pyvj,1747069301832,2025-05-12T17:01:41.832Z,126.686,2.1092,55.538,5.0,mww,earthquake,"153 km WNW of Tobelo, Indonesia",us,reviewed
us7000pyxf,1747097280569,2025-05-13T00:48:00.569Z,-71.8409,-51.3717,10.0,5.2,mww,earthquake,"35 km NE of 28 de Noviembre, Argentina",us,reviewed
us7000pyzd,1747146734522,2025-05-13T14:32:14.522Z,-111.3525,-13.407,10.0,5.2,mww,earthquake,central East Pacific Rise,us,reviewed
us7000pyzs,1747155154486,2025-05-13T16:52:34.486Z,140.058,27.2228,445.198,5.6,mww,earthquake,"Bonin Islands, Japan region",us,reviewed
us7000pz23,1747168984081,2025-05-13T20:43:04.081Z,-107.2678,18.6822,11.902,5.9,mww,earthquake,"240 km SW of La Cruz de Loreto, Mexico",us,reviewed
us7000pz2p,1747176675880,2025-05-13T22:51:15.880Z,26.9951,35.237,76.202,6.0,mww,earthquake,"20 km SSE of Fry, Greece",us,reviewed
us7000pz41,1747196140513,2025-05-14T04:15:40.513Z,-175.3343,-18.7126,260.0,6.4,mww,earthquake,"142 km W of Neiafu, Tonga",us,reviewed
us7000pz4c,1747199032362,2025-05-14T05:03:52.362Z,117.2451,-49.5429,10.0,5.0,mww,earthquake,western Indian-Antarctic Ridge,us,reviewed
us7000pz7y,1747240385147,2025-05-14T16:33:05.147Z,-140.8832,-56.9481,10.0,5.2,mb,earthquake,Pacific-Antarctic Ridge,us,reviewed
us7000pz8t,1747253604200,2025-05-14T20:13:24.200Z,-81.1057,-5.8972,10.0,5.2,mww,earthquake,"49 km SW of Sechura, Peru",us,reviewed
us7000pzaa,1747270252272,2025-05-15T00:50:52.272Z,126.1331,-7.136,476.627,5.9,mww,earthquake,"152 km NNW of Baukau, Timor Leste",us,reviewed
us7000pzcl,1747313197436,2025-05-15T12:46:37.436Z,33.238,39.1296,10.0,5.0,mww,earthquake,"14 km ENE of Kulu, Turkey",us,reviewed
us7000pzcp,1747313959020,2025-05-15T12:59:19.020Z,-135.3414,-54.5498,10.0,5.5,mww,earthquake,Pacific-Antarctic Ridge,us,reviewed
us7000pzg9,1747338463111,2025-05-15T19:47:43.111Z,-27.8024,-55.8687,57.073,5.0,mb,earthquake,South Sandwich Islands region,us,reviewed
us7000pzrk,1747441978473,2025-05-17T00:32:58.473Z,122.182,9.867,10.0,5.1,mww,earthquake,"24 km W of Bulata, Philippines",us,reviewed
us7000pzrm,1747442739055,2025-05-17T00:45:39.055Z,145.3231,-3.5259,10.0,5.3,mww,earthquake,"151 km ENE of Angoram, Papua New Guinea",us,reviewed
us7000pzt7,1747468864539,2025-05-17T08:01:04.539Z,-107.1542,-35.0762,10.0,5.0,mb,earthquake,southern East Pacific Rise,us,reviewed
us7000pztw,1747477334394,2025-05-17T10:22:14.394Z,-74.1437,-14.7608,101.0,5.9,mww,earthquake,"5 km W of San Pedro, Peru",us,reviewed
us7000pzv3,1747497287188,2025-05-17T15:54:47.188Z,96.0564,21.4196,10.0,5.1,mww,earthquake,"22 km SSW of Kyaukse, Burma (Myanmar)",us,reviewed
us7000q040,1747633710950,2025-05-19T05:48:30.950Z,-177.3091,-30.1757,10.0,5.3,mww,earthquake,"Kermadec Islands, New Zealand",us,reviewed
us7000q053,1747653421893,2025-05-19T11:17:01.893Z,-102.9882,-35.7217,10.0,5.4,mww,earthquake,southeast of Easter Island,us,reviewed
us7000q05b,1747663280661,2025-05-19T14:01:20.661Z,-13.0571,-7.1735,10.0,5.0,mb,earthquake,"171 km ENE of Georgetown, Saint Helena",us,reviewed
us7000q05q,1747668251872,2025-05-19T15:24:11.872Z,-175.0876,-24.4031,10.0,5.0,mb,earthquake,south of Tonga,us,reviewed
us7000q08l,1747690568008,2025-05-19T21:36:08.008Z,111.1236,-11.0787,10.0,5.0,mb,earthquake,"south of Java, Indonesia",us,reviewed
us7000q08z,1747697490335,2025-05-19T23:31:30.335Z,-178.4757,-31.0643,95.468,5.0,mb,earthquake,Kermadec Islands region,us,reviewed
us7000q09z,1747717892589,2025-05-20T05:11:32.589Z,-36.01,35.3444,10.0,5.6,mww,earthquake,northern Mid-Atlantic Ridge,us,reviewed
us7000q0bm,1747753559387,2025-05-20T15:05:59.387Z,144.8116,-3.7575,16.819,6.5,mww,earthquake,"89 km ENE of Angoram, Papua New Guinea",us,reviewed
us6000qhq8,1747753859316,2025-05-20T15:10:59.316Z,144.9897,-3.3547,10.0,5.3,mb,earthquake,"129 km NE of Angoram, Papua New Guinea",us,reviewed
us7000q0gl,1747787892308,2025-05-21T00:38:12.308Z,-67.0983,-56.9634,10.0,5.2,mwb,earthquake,"251 km SSE of Ushuaia, Argentina",us,reviewed
us7000q0m0,1747856171407,2025-05-21T19:36:11.407Z,-25.6669,-56.7605,35.0,5.2,mb,earthquake,South Sandwich Islands region,us,reviewed
us7000q0p1,1747873543052,2025-05-22T00:25:43.052Z,-26.7365,-56.0306,38.15,5.2,mb,earthquake,South Sandwich Islands region,us,reviewed
us7000q0pq,1747883975518,2025-05-22T03:19:35.518Z,25.9159,35.8915,64.0,6.2,mww,earthquake,"66 km SE of Emporeío, Greece",us,reviewed
us7000q0r8,1747900238590,2025-05-22T07:50:38.590Z,51.5058,-37.4056,10.0,5.2,mww,earthquake,South Indian Ocean,us,reviewed
us7000q0re,1747902876774,2025-05-22T08:34:36.774Z,51.3609,-37.4859,10.0,5.7,mww,earthquake,South Indian Ocean,us,reviewed
us7000q0sq,1747913740683,2025-05-22T11:35:40.683Z,123.5713,-48.9463,10.0,5.0,mww,earthquake,western Indian-Antarctic Ridge,us,reviewed
us7000q0vi,1747938722401,2025-05-22T18:32:02.401Z,-88.5923,12.9288,67.918,5.0,mww,earthquake,"39 km S of Puerto El Triunfo, El Salvador",us,reviewed
us7000q0w7,1747943556892,2025-05-22T19:52:36.892Z,102.2539,-3.9908,47.0,5.7,mww,earthquake,"21 km S of Bengkulu, Indonesia",us,reviewed
us7000q0wc,1747943856534,2025-05-22T19:57:36.534Z,-74.8584,-9.4965,10.0,5.1,mb,earthquake,"19 km NE of Yuyapichis, Peru",us,reviewed
us7000q0yk,1747949280611,2025-05-22T21:28:00.611Z,142.532,41.9147,48.0,5.4,mww,earthquake,"33 km SW of Urakawa, Japan",us,reviewed
us7000q103,1747967440264,2025-05-23T02:30:40.264Z,-164.4101,53.2659,10.0,5.2,mww,earthquake,"132 km SE of Akutan, Alaska",us,reviewed
us7000q14k,1748018005438,2025-05-23T16:33:25.438Z,147.6655,-56.5536,10.0,6.1,mww,earthquake,west of Macquarie Island,us,reviewed
us7000q16a,1748027516735,2025-05-23T19:11:56.735Z,126.6767,2.0968,41.21,5.0,mww,earthquake,"153 km WNW of Tobelo, Indonesia",us,reviewed
us7000q18d,1748054170554,2025-05-24T02:36:10.554Z,120.2389,16.6932,35.0,5.2,mww,earthquake,"11 km NW of San Fernando, Philippines",us,reviewed
us7000q18v,1748064735039,2025-05-24T05:32:15.039Z,-68.4705,-56.8159,10.0,5.0,mb,earthquake,"223 km S of Ushuaia, Argentina",us,reviewed
us7000q19r,1748085150763,2025-05-24T11:12:30.763Z,-67.3642,-57.2527,10.0,5.0,mb,earthquake,"278 km SSE of Ushuaia, Argentina",us,reviewed
us7000q19u,1748085429811,2025-05-24T11:17:09.811Z,-67.2903,-57.2189,10.0,5.1,mb,earthquake,"275 km SSE of Ushuaia, Argentina",us,reviewed
us7000q1c6,1748140514181,2025-05-25T02:35:14.181Z,88.1222,50.2314,10.0,5.0,mb,earthquake,"28 km ESE of Aktash, Russia",us,reviewed
us7000q1e7,1748170199192,2025-05-25T10:49:59.192Z,-175.8016,-22.8374,48.0,6.0,mww,earthquake,"187 km SSW of ‘Ohonua, Tonga",us,reviewed
us7000q1h3,1748231425655,2025-05-26T03:50:25.655Z,-69.4505,-19.6168,105.0,5.7,mww,earthquake,"33 km S of Camiña, Chile",us,reviewed
us7000q1hq,1748242243307,2025-05-26T06:50:43.307Z,143.8864,11.972,10.0,5.0,mb,earthquake,"166 km SSW of Merizo Village, Guam",us,reviewed
us7000q1ib,1748249264855,2025-05-26T08:47:44.855Z,143.1149,42.2681,65.431,5.3,mww,earthquake,"15 km W of Hiroo, Japan",us,reviewed
us7000q1ig,1748250012134,2025-05-26T09:00:12.134Z,96.2358,85.0331,10.0,5.2,mww,earthquake,north of Severnaya Zemlya,us,reviewed
us7000q1ik,1748251865740,2025-05-26T09:31:05.740Z,97.0053,85.0316,10.0,5.0,mww,earthquake,north of Severnaya Zemlya,us,reviewed
us7000q1nc,1748304393433,2025-05-27T00:06:33.433Z,22.6511,38.2597,23.24,5.0,mww,earthquake,"13 km S of Antikyra, Greece",us,reviewed
us7000q1nh,1748306388252,2025-05-27T00:39:48.252Z,50.4361,30.8218,10.0,5.1,mb,earthquake,"12 km WNW of Dehdasht, Iran",us,reviewed
us7000q1ni,1748307304856,2025-05-27T00:55:04.856Z,110.3,-10.2116,10.0,5.3,mww,earthquake,"249 km S of Pundong, Indonesia",us,reviewed
us7000q1pg,1748313774443,2025-05-27T02:42:54.443Z,96.8306,84.9845,10.0,5.2,mww,earthquake,north of Severnaya Zemlya,us,reviewed
us7000q1pq,1748314652582,2025-05-27T02:57:32.582Z,145.2843,12.8969,10.0,5.0,mb,earthquake,"71 km SE of Inarajan Village, Guam",us,reviewed
us6000qg94,1748371776214,2025-05-27T18:49:36.214Z,178.8889,-23.4224,545.272,5.0,mb,earthquake,south of the Fiji Islands,us,reviewed
us6000qg9r,1748377468119,2025-05-27T20:24:28.119Z,93.8427,24.4467,49.996,5.1,mww,earthquake,"8 km SE of Moirāng, India",us,reviewed
us6000qga6,1748383151398,2025-05-27T21:59:11.398Z,-109.194,19.688,10.0,5.8,mww,earthquake,Revilla Gigedo Islands region,us,reviewed
us6000qgb5,1748395837701,2025-05-28T01:30:37.701Z,-109.1593,19.5611,10.0,5.8,mww,earthquake,Revilla Gigedo Islands region,us,reviewed
us6000qgb9,1748397464758,2025-05-28T01:57:44.758Z,-75.7626,-14.9242,35.0,5.1,mb,earthquake,"64 km WSW of Changuillo, Peru",us,reviewed
us6000qgd9,1748422667561,2025-05-28T08:57:47.561Z,167.3309,-14.1835,190.0,5.9,mww,earthquake,"41 km SW of Sola, Vanuatu",us,reviewed
us6000qgdb,1748422899229,2025-05-28T09:01:39.229Z,-109.3426,19.7156,10.0,5.4,mww,earthquake,Revilla Gigedo Islands region,us,reviewed
us6000qgeq,1748439253998,2025-05-28T13:34:13.998Z,144.957,12.7347,28.0,5.8,mww,earthquake,"63 km SSE of Inarajan Village, Guam",us,reviewed
us6000qgf5,1748442859236,2025-05-28T14:34:19.236Z,-75.7267,-14.8801,37.337,5.1,mww,earthquake,"59 km WSW of Changuillo, Peru",us,reviewed
us6000qgib,1748467367981,2025-05-28T21:22:47.981Z,167.0117,-15.8553,10.0,5.0,mww,earthquake,"40 km SSW of Luganville, Vanuatu",us,reviewed
us6000qgic,1748467801868,2025-05-28T21:30:01.868Z,57.3601,28.2544,10.0,5.0,mww,earthquake,"125 km SSE of Kūh Sefīd, Iran",us,reviewed
us6000qgju,1748482088833,2025-05-29T01:28:08.833Z,-178.0686,-30.6072,41.31,5.2,mb,earthquake,"Kermadec Islands, New Zealand",us,reviewed
us6000qgn1,1748524023397,2025-05-29T13:07:03.397Z,149.4194,44.4754,47.853,5.0,mb,earthquake,"147 km SE of Kuril’sk, Russia",us,reviewed
us6000qgsb,1748557384649,2025-05-29T22:23:04.649Z,147.3295,43.8477,60.428,5.4,mww,earthquake,"49 km E of Shikotan, Russia",us,reviewed
us6000qgsq,1748562058696,2025-05-29T23:40:58.696Z,154.2723,47.9122,46.748,5.0,mww,earthquake,Kuril Islands,us,reviewed
us6000qgts,1748583398351,2025-05-30T05:36:38.351Z,9.1051,-53.2836,10.0,6.2,mww,earthquake,southwest of Africa,us,reviewed
us6000qgxv,1748623508321,2025-05-30T16:45:08.321Z,-175.8971,-22.2178,78.794,5.2,mb,earthquake,"131 km SSW of Houma, Tonga",us,reviewed
us6000qh1e,1748672229997,2025-05-31T06:17:09.997Z,-27.1303,-55.7478,35.0,5.3,mb,earthquake,South Sandwich Islands region,us,reviewed
us6000qh1r,1748680637097,2025-05-31T08:37:17.097Z,144.4895,42.2705,21.0,6.0,mww,earthquake,"78 km S of Kushiro, Japan",us,reviewed
us6000qh2d,1748690656441,2025-05-31T11:24:16.441Z,-173.8276,-22.7948,10.0,5.2,mww,earthquake,"198 km SE of ‘Ohonua, Tonga",us,reviewed
us6000qh35,1748701729890,2025-05-31T14:28:49.890Z,-177.9502,-27.7396,10.0,6.1,mww,earthquake,Kermadec Islands region,us,reviewed
us6000qh59,1748726471250,2025-05-31T21:21:11.250Z,-178.5389,-28.1865,10.0,6.0,mww,earthquake,Kermadec Islands region,us,reviewed
us6000qh5j,1748730382460,2025-05-31T22:26:22.460Z,-178.1234,-27.8491,10.0,6.2,mww,earthquake,Kermadec Islands region,us,reviewed
us6000qh6m,1748747184122,2025-06-01T03:06:24.122Z,-172.1765,-16.6866,10.0,5.2,mb,earthquake,"191 km ESE of Hihifo, Tonga",us,reviewed
us6000qhaf,1748803912960,2025-06-01T18:51:52.960Z,143.6866,41.7431,27.0,5.8,mww,earthquake,"68 km SSE of Hiroo, Japan",us,reviewed
us6000qhba,1748816227325,2025-06-01T22:17:07.325Z,-178.1079,-27.6794,10.0,5.2,mww,earthquake,Kermadec Islands region,us,reviewed
us6000qhiq,1748906248209,2025-06-02T23:17:28.209Z,28.1891,36.7258,72.0,5.8,mww,earthquake,"8 km SSW of İçmeler, Turkey",us,reviewed
us6000qhjx,1748922601733,2025-06-03T03:50:01.733Z,147.8867,-7.3196,58.863,5.1,mb,earthquake,"84 km S of Finschhafen, Papua New Guinea",us,reviewed
us6000qhly,1748947296191,2025-06-03T10:41:36.191Z,155.2729,-4.6824,518.468,5.0,mb,earthquake,"174 km NNW of Kieta, Papua New Guinea",us,reviewed
us6000qhma,1748949994214,2025-06-03T11:26:34.214Z,25.8273,34.9737,26.858,5.1,mww,earthquake,"8 km ESE of Ierápetra, Greece",us,reviewed
us6000qhnr,1748956708018,2025-06-03T13:18:28.018Z,143.4834,41.7865,42.826,5.1,mww,earthquake,"57 km SSE of Hiroo, Japan",us,reviewed
us6000qhub,1749008586651,2025-06-04T03:43:06.651Z,131.0108,-3.447,10.0,5.2,mww,earthquake,"154 km WSW of Fakfak, Indonesia",us,reviewed
us6000qhxk,1749050870310,2025-06-04T15:27:50.310Z,166.1371,-11.9603,70.99,5.0,mb,earthquake,"141 km SSE of Lata, Solomon Islands",us,reviewed
us6000qhzg,1749069115417,2025-06-04T20:31:55.417Z,100.0201,26.3717,10.0,5.0,mww,earthquake,"21 km SSE of Jinhua, China",us,reviewed
us6000qi0w,1749082158730,2025-06-05T00:09:18.730Z,-82.6724,5.3502,10.0,5.6,mww,earthquake,"297 km S of Burica, Panama",us,reviewed
us6000qigd,1749230106807,2025-06-06T17:15:06.807Z,-70.4039,-26.639,75.0,6.4,mww,earthquake,"45 km SW of Diego de Almagro, Chile",us,reviewed
us6000qiig,1749238110995,2025-06-06T19:28:30.995Z,-178.0449,-22.0335,359.0,5.9,mww,earthquake,"299 km WSW of Houma, Tonga",us,reviewed
us6000qilg,1749262111447,2025-06-07T02:08:31.447Z,-81.1784,13.1213,10.0,5.1,mww,earthquake,"33 km SE of Mountain, Colombia",us,reviewed
us6000qilr,1749264700320,2025-06-07T02:51:40.320Z,147.3749,-5.5494,197.913,5.0,mb,earthquake,"123 km NNW of Finschhafen, Papua New Guinea",us,reviewed
us6000qinr,1749281620295,2025-06-07T07:33:40.295Z,66.7948,-14.9216,10.0,5.5,mww,earthquake,Mid-Indian Ridge,us,reviewed
us6000qlsz,1749283100739,2025-06-07T07:58:20.739Z,66.9026,-14.9452,10.0,5.1,mww,earthquake,Mid-Indian Ridge,us,reviewed
us6000qipm,1749294364640,2025-06-07T11:06:04.640Z,-66.8962,-57.2756,10.0,5.3,mww,earthquake,"288 km SSE of Ushuaia, Argentina",us,reviewed
us6000qiq1,1749300380307,2025-06-07T12:46:20.307Z,24.1669,40.2717,10.093,5.4,mww,earthquake,"6 km WNW of Karyes, Greece",us,reviewed
us6000qisj,1749338445671,2025-06-07T23:20:45.671Z,115.9955,-47.8272,10.0,6.2,mww,earthquake,western Indian-Antarctic Ridge,us,reviewed
us6000qiv6,1749343830809,2025-06-08T00:50:30.809Z,144.2012,14.6129,10.0,5.3,mww,earthquake,"137 km NNW of Piti Village, Guam",us,reviewed
us6000qiw2,1749357568868,2025-06-08T04:39:28.868Z,48.4406,87.0815,10.0,5.2,mww,earthquake,north of Franz Josef Land,us,reviewed
us6000qiw6,1749358618799,2025-06-08T04:56:58.799Z,116.1315,-47.8412,10.0,5.2,mb,earthquake,western Indian-Antarctic Ridge,us,reviewed
us6000qixr,1749388085797,2025-06-08T13:08:05.797Z,-73.1248,4.4852,9.0,6.3,mww,earthquake,"15 km NE of Paratebueno, Colombia",us,reviewed
us6000qiye,1749394546244,2025-06-08T14:55:46.244Z,-150.4824,-59.858,10.0,5.1,mb,earthquake,Pacific-Antarctic Ridge,us,reviewed
us6000qj0h,1749417306129,2025-06-08T21:15:06.129Z,116.0489,-47.8029,9.0,5.9,mww,earthquake,western Indian-Antarctic Ridge,us,reviewed
us6000qj0l,1749418088469,2025-06-08T21:28:08.469Z,115.9579,-47.8884,10.0,5.5,mww,earthquake,western Indian-Antarctic Ridge,us,reviewed
us6000qj67,1749485098923,2025-06-09T16:04:58.923Z,120.7166,13.6999,167.515,5.1,mww,earthquake,"16 km S of Hukay, Philippines",us,reviewed
us6000qj9w,1749527165728,2025-06-10T03:46:05.728Z,-28.168,-55.4483,15.227,5.4,mww,earthquake,South Sandwich Islands region,us,reviewed
us6000qja6,1749528440359,2025-06-10T04:07:20.359Z,-28.0375,-55.3523,11.592,5.6,mww,earthquake,South Sandwich Islands region,us,reviewed
us6000qjb8,1749540468498,2025-06-10T07:27:48.498Z,-28.5302,-55.3994,32.45,5.1,mb,earthquake,South Sandwich Islands region,us,reviewed
us6000qjil,1749629970335,2025-06-11T08:19:30.335Z,167.1963,-13.3339,214.417,5.2,mww,earthquake,"71 km NNW of Sola, Vanuatu",us,reviewed
us6000qjj5,1749639628001,2025-06-11T11:00:28.001Z,121.6239,23.3659,29.331,5.9,mww,earthquake,"67 km S of Hualien City, Taiwan",us,reviewed
us6000qjn7,1749674744745,2025-06-11T20:45:44.745Z,169.6347,-20.6781,60.423,5.2,mww,earthquake,"131 km SSE of Isangel, Vanuatu",us,reviewed
us6000qjqv,1749699371880,2025-06-12T03:36:11.880Z,-79.9277,-6.3254,67.657,5.0,mb,earthquake,"13 km WNW of Jayanca, Peru",us,reviewed
us6000qjr3,1749704306463,2025-06-12T04:58:26.463Z,-163.7581,-63.2412,10.0,5.7,mww,earthquake,Pacific-Antarctic Ridge,us,reviewed
us6000qjrc,1749706098368,2025-06-12T05:28:18.368Z,-163.5379,-63.5582,10.0,5.1,mb,earthquake,Pacific-Antarctic Ridge,us,reviewed
us6000qjrq,1749708866535,2025-06-12T06:14:26.535Z,-164.4234,-63.2081,10.0,5.5,mww,earthquake,Pacific-Antarctic Ridge,us,reviewed
us6000qjs8,1749717185470,2025-06-12T08:33:05.470Z,-162.833,-62.9489,10.0,5.0,mb,earthquake,Pacific-Antarctic Ridge,us,reviewed
us6000qjtq,1749739105628,2025-06-12T14:38:25.628Z,125.3653,5.2363,30.268,5.0,mb,earthquake,"21 km SSW of Sarangani, Philippines",us,reviewed
us6000qk0w,1749788763428,2025-06-13T04:26:03.428Z,162.1379,-62.0394,10.0,5.3,mww,earthquake,Balleny Islands region,us,reviewed
us6000qk1c,1749796112849,2025-06-13T06:28:32.849Z,-176.2693,-15.2932,365.848,5.3,mww,earthquake,"222 km S of Mata-Utu, Wallis and Futuna",us,reviewed
us6000qk2b,1749814006003,2025-06-13T11:26:46.003Z,149.5578,-5.9694,72.673,5.0,mb,earthquake,"26 km N of Kandrian, Papua New Guinea",us,reviewed
us6000qk4v,1749839714935,2025-06-13T18:35:14.935Z,153.426,46.1842,35.0,6.0,mww,earthquake,Kuril Islands,us,reviewed
us6000qk6i,1749855620978,2025-06-13T23:00:20.978Z,168.501,-17.8763,157.959,5.0,mb,earthquake,"25 km SE of Port-Vila, Vanuatu",us,reviewed
us6000qk7h,1749870659726,2025-06-14T03:10:59.726Z,-110.8137,-36.397,10.0,5.7,mww,earthquake,southern East Pacific Rise,us,reviewed
us6000qk90,1749883413708,2025-06-14T06:43:33.708Z,-110.5689,-36.5978,10.0,5.6,mww,earthquake,southern East Pacific Rise,us,reviewed
us6000qk9a,1749888865374,2025-06-14T08:14:25.374Z,-110.6876,-36.5405,10.0,5.4,mww,earthquake,southern East Pacific Rise,us,reviewed
us6000qk9m,1749895154891,2025-06-14T09:59:14.891Z,-18.7212,-35.6874,10.0,5.0,mb,earthquake,southern Mid-Atlantic Ridge,us,reviewed
us6000qk9r,1749898021673,2025-06-14T10:47:01.673Z,142.0012,38.5813,58.365,5.0,mww,earthquake,"50 km ENE of Onagawa Chō, Japan",us,reviewed
us6000qka3,1749900725319,2025-06-14T11:32:05.319Z,66.8265,2.2015,10.0,5.3,mww,earthquake,Carlsberg Ridge,us,reviewed
us6000qkbr,1749925290593,2025-06-14T18:21:30.593Z,-173.6124,-19.9141,8.117,5.0,mww,earthquake,"76 km ESE of Fangale’ounga, Tonga",us,reviewed
us6000qkc5,1749928575974,2025-06-14T19:16:15.974Z,-110.6034,-36.5332,10.0,5.0,mb,earthquake,southern East Pacific Rise,us,reviewed
us6000qkdl,1749957506304,2025-06-15T03:18:26.304Z,-26.6096,-56.0172,10.0,5.3,mb,earthquake,South Sandwich Islands region,us,reviewed
us6000qkek,1749972325838,2025-06-15T07:25:25.838Z,-143.8027,-56.2114,10.0,5.1,mb,earthquake,Pacific-Antarctic Ridge,us,reviewed
us6000qkg7,1750005329241,2025-06-15T16:35:29.241Z,-77.4434,-12.1764,40.0,5.6,mww,earthquake,"37 km WSW of Callao, Peru",us,reviewed
us6000qkge,1750008663307,2025-06-15T17:31:03.307Z,-66.8963,-24.4489,170.88,5.2,mww,earthquake,"63 km WSW of San Antonio de los Cobres, Argentina",us,reviewed
us6000qkj7,1750054635454,2025-06-16T06:17:15.454Z,-174.0827,-17.084,96.721,5.0,mb,earthquake,"128 km SSW of Hihifo, Tonga",us,reviewed
us6000qkr0,1750128386793,2025-06-17T02:46:26.793Z,-78.2111,-0.9126,10.0,5.0,mww,earthquake,"44 km ENE of San Miguel de Salcedo, Ecuador",us,reviewed
us6000qkrl,1750141534830,2025-06-17T06:25:34.830Z,126.583,2.193,64.54,5.1,mb,earthquake,"166 km WNW of Tobelo, Indonesia",us,reviewed
us6000qks0,1750147975259,2025-06-17T08:12:55.259Z,-13.3452,-33.0595,10.0,5.0,mb,earthquake,southern Mid-Atlantic Ridge,us,reviewed
us6000qks2,1750149385059,2025-06-17T08:36:25.059Z,126.7159,8.2198,53.724,5.3,mww,earthquake,"31 km ENE of Barcelona, Philippines",us,reviewed
us7000q9t4,1750171446654,2025-06-17T14:44:06.654Z,-98.1644,-36.3897,10.0,5.1,mww,earthquake,southeast of Easter Island,us,reviewed
us6000qkw9,1750190770571,2025-06-17T20:06:10.571Z,-25.4478,-57.9144,68.264,5.0,mb,earthquake,South Sandwich Islands region,us,reviewed
us6000qkzh,1750240162518,2025-06-18T09:49:22.518Z,-94.0883,14.7728,9.0,5.8,mww,earthquake,"123 km SW of El Palmarcito, Mexico",us,reviewed
us6000ql02,1750247844407,2025-06-18T11:57:24.407Z,-88.5694,13.0775,79.464,5.4,mww,earthquake,"22 km S of Puerto El Triunfo, El Salvador",us,reviewed
us6000ql15,1750258314114,2025-06-18T14:51:54.114Z,165.542,-47.5843,10.0,5.4,mww,earthquake,"232 km SW of Riverton, New Zealand",us,reviewed
us6000ql4i,1750288086586,2025-06-18T23:08:06.586Z,146.4787,42.9403,19.0,5.9,mww,earthquake,"84 km ESE of Nemuro, Japan",us,reviewed
us6000ql7v,1750337913299,2025-06-19T12:58:33.299Z,-31.2991,3.0444,10.0,5.1,mww,earthquake,central Mid-Atlantic Ridge,us,reviewed
us6000ql7w,1750338472122,2025-06-19T13:07:52.122Z,147.2637,17.156,31.67,5.1,mww,earthquake,"268 km NE of Saipan, Northern Mariana Islands",us,reviewed
us6000ql87,1750341072287,2025-06-19T13:51:12.287Z,-31.3093,2.9504,10.0,5.3,mww,earthquake,central Mid-Atlantic Ridge,us,reviewed
us6000ql8f,1750345164297,2025-06-19T14:59:24.297Z,-28.9079,0.8027,10.0,5.1,mb,earthquake,central Mid-Atlantic Ridge,us,reviewed
us6000ql8j,1750346078187,2025-06-19T15:14:38.187Z,-31.4072,2.9684,10.0,5.0,mb,earthquake,central Mid-Atlantic Ridge,us,reviewed
us6000ql8u,1750351062503,2025-06-19T16:37:42.503Z,147.856,-6.171,37.0,5.5,mww,earthquake,"42 km N of Finschhafen, Papua New Guinea",us,reviewed
us6000qlca,1750371706546,2025-06-19T22:21:46.546Z,-31.4978,3.0098,10.0,5.0,mb,earthquake,central Mid-Atlantic Ridge,us,reviewed
us6000qlej,1750414889896,2025-06-20T10:21:29.896Z,-19.8862,-60.6184,10.0,5.1,mb,earthquake,east of the South Sandwich Islands,us,reviewed
us6000qlev,1750419773815,2025-06-20T11:42:53.815Z,-31.3365,2.8774,10.0,5.0,mb,earthquake,central Mid-Atlantic Ridge,us,reviewed
us6000qlnk,1750533528533,2025-06-21T19:18:48.533Z,-79.6742,-2.6158,49.966,5.2,mww,earthquake,"8 km NW of Naranjal, Ecuador",us,reviewed
us6000qlnz,1750540998562,2025-06-21T21:23:18.562Z,146.4037,42.8951,18.0,6.0,mww,earthquake,"82 km SE of Nemuro, Japan",us,reviewed
us7000qahy,1750541145027,2025-06-21T21:25:45.027Z,146.573,42.8989,39.188,5.3,mb,earthquake,"93 km ESE of Nemuro, Japan",us,reviewed
us6000qlqv,1750571068446,2025-06-22T05:44:28.446Z,-177.4518,-26.2189,10.0,5.0,mww,earthquake,south of the Fiji Islands,us,reviewed
us6000qlqy,1750573636216,2025-06-22T06:27:16.216Z,-177.3807,-26.3825,10.0,5.3,mww,earthquake,south of the Fiji Islands,us,reviewed
us6000qlr7,1750580104716,2025-06-22T08:15:04.716Z,129.4444,29.2979,10.0,5.0,mww,earthquake,"95 km N of Tatsugō, Japan",us,reviewed
us6000qlwa,1750648638573,2025-06-23T03:17:18.573Z,150.7454,-5.9266,67.624,5.3,mww,earthquake,"79 km ESE of Kimbe, Papua New Guinea",us,reviewed
us6000qlyq,1750689378769,2025-06-23T14:36:18.769Z,129.5391,29.3027,10.0,5.1,mww,earthquake,"94 km N of Tatsugō, Japan",us,reviewed
us7000q88k,1750699409381,2025-06-23T17:23:29.381Z,129.3401,29.3425,10.0,5.0,mww,earthquake,"102 km NNW of Tatsugō, Japan",us,reviewed
us7000q89a,1750706066214,2025-06-23T19:14:26.214Z,144.6729,13.7816,146.154,5.4,mww,earthquake,"34 km NNW of Dededo Village, Guam",us,reviewed
us7000q8bd,1750730286248,2025-06-24T01:58:06.248Z,129.9606,7.9765,10.0,6.2,mww,earthquake,east of the Philippine Islands,us,reviewed
us7000q8be,1750730321616,2025-06-24T01:58:41.616Z,162.6253,-10.9655,39.859,5.5,mww,earthquake,"95 km SE of Kirakira, Solomon Islands",us,reviewed
pr2025175000,1750733143620,2025-06-24T02:45:43.620Z,-68.1103,19.2245,68.0,5.7,mw,earthquake,"77 km NNE of Punta Cana, Dominican Republic",pr,reviewed
us7000q8c4,1750734835592,2025-06-24T03:13:55.592Z,-178.2053,-18.0225,557.71,5.0,mb,earthquake,"262 km E of Levuka, Fiji",us,reviewed
us7000q8d2,1750746273474,2025-06-24T06:24:33.474Z,126.7057,4.4147,58.242,5.0,mb,earthquake,"175 km SE of Sarangani, Philippines",us,reviewed
us7000q8dd,1750748654355,2025-06-24T07:04:14.355Z,129.3656,29.3177,10.0,5.1,mww,earthquake,"98 km NNW of Tatsugō, Japan",us,reviewed
us7000q8kv,1750809120907,2025-06-24T23:52:00.907Z,80.4508,-41.4874,10.0,5.2,mww,earthquake,Mid-Indian Ridge,us,reviewed
us7000q8l7,1750815208230,2025-06-25T01:33:28.230Z,93.8934,9.4363,10.0,5.4,mww,earthquake,"276 km SSE of Port Blair, India",us,reviewed
us7000q8mr,1750839076293,2025-06-25T08:11:16.293Z,-177.2155,-22.8203,196.89,5.3,mww,earthquake,"269 km SW of Houma, Tonga",us,reviewed
us7000q8tw,1750889773700,2025-06-25T22:16:13.700Z,-17.0441,-35.7221,10.0,6.2,mww,earthquake,southern Mid-Atlantic Ridge,us,reviewed
us7000q8vy,1750924487777,2025-06-26T07:54:47.777Z,154.3387,-5.6392,135.478,5.0,mb,earthquake,"147 km WNW of Panguna, Papua New Guinea",us,reviewed
us7000q91k,1750998353731,2025-06-27T04:25:53.731Z,98.9489,34.4403,10.0,5.1,mb,earthquake,"200 km W of Oula Xiuma, China",us,reviewed
us7000q938,1751036292410,2025-06-27T14:58:12.410Z,93.8546,9.5357,10.0,5.1,mww,earthquake,"265 km SSE of Port Blair, India",us,reviewed
us7000q97d,1751065630371,2025-06-27T23:07:10.371Z,126.0425,5.2888,99.77,6.0,mww,earthquake,"65 km E of Sarangani, Philippines",us,reviewed
us7000q99p,1751084228545,2025-06-28T04:17:08.545Z,-176.0335,-19.8818,229.0,5.5,mww,earthquake,"161 km NNW of Houma, Tonga",us,reviewed
us7000q9an,1751090899722,2025-06-28T06:08:19.722Z,-168.5835,51.4887,10.0,5.2,mww,earthquake,"162 km S of Nikolski, Alaska",us,reviewed
us7000q9b5,1751099540957,2025-06-28T08:32:20.957Z,-38.9672,-60.9793,10.0,6.6,mww,earthquake,Scotia Sea,us,reviewed
us7000q9cb,1751104289828,2025-06-28T09:51:29.828Z,142.0095,72.414,10.0,5.1,mb,earthquake,"288 km NW of Chokurdakh, Russia",us,reviewed
us7000q9d1,1751114443625,2025-06-28T12:40:43.625Z,127.3287,2.7565,53.159,5.3,mb,earthquake,"136 km NNW of Tobelo, Indonesia",us,reviewed
us7000q9dv,1751134700515,2025-06-28T18:18:20.515Z,-27.092,-55.7567,35.0,5.2,mww,earthquake,South Sandwich Islands region,us,reviewed
us7000q9e7,1751139322701,2025-06-28T19:35:22.701Z,-90.8717,13.7159,66.31,5.0,mww,earthquake,"24 km SSW of Puerto San José, Guatemala",us,reviewed
us7000q9f3,1751149440294,2025-06-28T22:24:00.294Z,69.7968,30.3495,10.0,5.2,mww,earthquake,"56 km NNE of Barkhan, Pakistan",us,reviewed
us7000q9fs,1751159725559,2025-06-29T01:15:25.559Z,129.3422,29.3062,10.0,5.4,mww,earthquake,"98 km NNW of Tatsugō, Japan",us,reviewed
us7000q9h4,1751175995266,2025-06-29T05:46:35.266Z,-82.6341,3.864,10.0,5.1,mww,earthquake,south of Panama,us,reviewed
us7000q9hc,1751179689211,2025-06-29T06:48:09.211Z,146.5308,-3.3008,10.0,5.3,mww,earthquake,"162 km SSW of Lorengau, Papua New Guinea",us,reviewed
us7000q9hh,1751181116977,2025-06-29T07:11:56.977Z,129.4814,29.3819,10.0,5.2,mww,earthquake,"103 km N of Tatsugō, Japan",us,reviewed
us7000q9p6,1751262741272,2025-06-30T05:52:21.272Z,93.9439,9.3928,10.0,5.0,mb,earthquake,"283 km SSE of Port Blair, India",us,reviewed
us7000q9q4,1751276002117,2025-06-30T09:33:22.117Z,129.4518,29.2866,10.0,5.2,mww,earthquake,"93 km N of Tatsugō, Japan",us,reviewed
us7000q9qv,1751285571336,2025-06-30T12:12:51.336Z,-38.5297,-60.9682,10.0,5.1,mb,earthquake,Scotia Sea,us,reviewed
us7000q9vu,1751327325119,2025-06-30T23:48:45.119Z,167.9042,-17.4607,35.0,5.1,mww,earthquake,"53 km NW of Port-Vila, Vanuatu",us,reviewed
us7000qa1v,1751398327294,2025-07-01T19:32:07.294Z,129.4049,29.3444,10.0,5.1,mww,earthquake,"100 km N of Tatsugō, Japan",us,reviewed
us7000qa3y,1751420379205,2025-07-02T01:39:39.205Z,-72.5628,-33.6025,10.0,5.5,mww,earthquake,"88 km W of San Antonio, Chile",us,reviewed
us7000qa4b,1751425037022,2025-07-02T02:57:17.022Z,-176.3594,-26.8607,10.0,5.4,mww,earthquake,south of the Fiji Islands,us,reviewed
us7000qa52,1751433922653,2025-07-02T05:25:22.653Z,129.5135,28.9448,10.0,5.1,mww,earthquake,"55 km N of Tatsugō, Japan",us,reviewed
us7000qa55,1751435508593,2025-07-02T05:51:48.593Z,129.1858,29.2292,10.0,5.2,mb,earthquake,"95 km NNW of Tatsugō, Japan",us,reviewed
us7000qa57,1751435606288,2025-07-02T05:53:26.288Z,129.268,29.2307,10.0,5.2,mb,earthquake,"92 km NNW of Tatsugō, Japan",us,reviewed
us7000qa56,1751435941496,2025-07-02T05:59:01.496Z,129.1728,29.2039,10.0,5.3,mww,earthquake,"93 km NNW of Tatsugō, Japan",us,reviewed
us7000qa5c,1751436441756,2025-07-02T06:07:21.756Z,129.549,29.1409,10.0,5.0,mb,earthquake,"76 km N of Tatsugō, Japan",us,reviewed
us7000qa5e,1751437608945,2025-07-02T06:26:48.945Z,129.1665,29.2518,10.0,5.6,mww,earthquake,"98 km NNW of Tatsugō, Japan",us,reviewed
us7000qa5h,1751440526742,2025-07-02T07:15:26.742Z,-178.9462,-17.6546,526.92,5.6,mww,earthquake,"189 km ENE of Levuka, Fiji",us,reviewed
us7000qa5i,1751440677148,2025-07-02T07:17:57.148Z,129.2135,29.3086,10.0,5.0,mb,earthquake,"102 km NNW of Tatsugō, Japan",us,reviewed
us7000qa7e,1751471358476,2025-07-02T15:49:18.476Z,129.2373,29.2946,10.0,5.2,mww,earthquake,"100 km NNW of Tatsugō, Japan",us,reviewed
us7000qa92,1751475484671,2025-07-02T16:58:04.671Z,-25.501,-59.3685,35.0,5.2,mb,earthquake,South Sandwich Islands region,us,reviewed
us7000qaby,1751501571937,2025-07-03T00:12:51.937Z,175.6912,-16.5707,10.0,5.3,mww,earthquake,"220 km WNW of Lautoka, Fiji",us,reviewed
us7000qad7,1751521303206,2025-07-03T05:41:43.206Z,-67.2971,-21.3567,194.757,5.4,mww,earthquake,"100 km E of Ollagüe, Chile",us,reviewed
us7000qade,1751523237017,2025-07-03T06:13:57.017Z,-63.2084,-27.2389,552.378,5.0,mb,earthquake,"23 km S of El Hoyo, Argentina",us,reviewed
us7000qadp,1751526780356,2025-07-03T07:13:00.356Z,129.4093,29.3808,10.0,5.5,mww,earthquake,"104 km N of Tatsugō, Japan",us,reviewed
us7000qae0,1751532009115,2025-07-03T08:40:09.115Z,-174.8829,-22.6175,10.0,5.1,mb,earthquake,"141 km S of ‘Ohonua, Tonga",us,reviewed
us7000qaeh,1751539164085,2025-07-03T10:39:24.085Z,-158.8092,-62.5065,10.0,5.4,mww,earthquake,Pacific-Antarctic Ridge,us,reviewed
us7000qafs,1751549961800,2025-07-03T13:39:21.800Z,168.8194,-19.0717,10.0,5.1,mww,earthquake,"71 km NW of Isangel, Vanuatu",us,reviewed
us7000qaif,1751565057651,2025-07-03T17:50:57.651Z,61.4716,5.8287,10.0,5.0,mb,earthquake,Carlsberg Ridge,us,reviewed
us7000qal5,1751607231401,2025-07-04T05:33:51.401Z,94.9874,6.0835,10.0,5.2,mww,earthquake,"42 km WNW of Sabang, Indonesia",us,reviewed
us7000qalz,1751619311713,2025-07-04T08:55:11.713Z,-76.5587,-14.5639,10.0,5.0,mww,earthquake,"83 km SSW of Paracas, Peru",us,reviewed
us7000qamr,1751644065649,2025-07-04T15:47:45.649Z,-67.4161,-57.0542,10.0,5.6,mww,earthquake,"256 km SSE of Ushuaia, Argentina",us,reviewed
us7000qarl,1751664579130,2025-07-04T21:29:39.130Z,129.3214,29.3862,10.0,5.4,mww,earthquake,"107 km NNW of Tatsugō, Japan",us,reviewed
us7000qavc,1751744540755,2025-07-05T19:42:20.755Z,95.0881,6.2844,10.0,5.5,mww,earthquake,"50 km NNW of Sabang, Indonesia",us,reviewed
us7000qavd,1751744851025,2025-07-05T19:47:31.025Z,172.0886,-22.7016,30.478,5.3,mww,earthquake,southeast of the Loyalty Islands,us,reviewed
us7000qaxw,1751771243514,2025-07-06T03:07:23.514Z,-177.9331,-30.4815,35.0,5.2,mww,earthquake,"Kermadec Islands, New Zealand",us,reviewed
us7000qaxz,1751773190343,2025-07-06T03:39:50.343Z,20.1006,-52.837,10.0,5.1,mb,earthquake,south of Africa,us,reviewed
us7000qayf,1751778422820,2025-07-06T05:07:02.820Z,129.5412,29.3813,10.0,5.5,mww,earthquake,"103 km N of Tatsugō, Japan",us,reviewed
us7000qaz4,1751790111507,2025-07-06T08:21:51.507Z,141.92,-4.0744,114.179,5.3,mww,earthquake,"100 km W of Ambunti, Papua New Guinea",us,reviewed
us7000qaza,1751794834575,2025-07-06T09:40:34.575Z,147.136,43.6191,40.859,5.0,mb,earthquake,"38 km ESE of Shikotan, Russia",us,reviewed
us7000qazs,1751801263745,2025-07-06T11:27:43.745Z,-77.0114,-5.5489,10.0,5.1,mww,earthquake,"53 km N of Moyobamba, Peru",us,reviewed
us7000qb08,1751808828287,2025-07-06T13:33:48.287Z,-173.1934,-15.3245,10.0,5.2,mb,earthquake,"95 km NE of Hihifo, Tonga",us,reviewed
us7000qb20,1751833902999,2025-07-06T20:31:42.999Z,-174.3501,-20.9353,10.0,5.5,mww,earthquake,"77 km NE of ‘Ohonua, Tonga",us,reviewed
us7000qb29,1751841483796,2025-07-06T22:38:03.796Z,118.3239,-8.5233,133.058,5.0,mb,earthquake,"15 km W of Dompu, Indonesia",us,reviewed
us7000qb44,1751881341280,2025-07-07T09:42:21.280Z,66.8078,1.5784,10.0,5.0,mb,earthquake,Carlsberg Ridge,us,reviewed
us7000qb4a,1751883362145,2025-07-07T10:16:02.145Z,93.9749,9.3716,10.0,5.1,mb,earthquake,"287 km SSE of Port Blair, India",us,reviewed
us7000qb4s,1751892824013,2025-07-07T12:53:44.013Z,165.4962,-47.1735,22.0,6.2,mww,earthquake,"213 km WSW of Riverton, New Zealand",us,reviewed
us7000qbba,1751974806707,2025-07-08T11:40:06.707Z,-76.4345,-13.6775,47.252,5.0,mb,earthquake,"25 km W of Pisco, Peru",us,reviewed
us7000qbc5,1751985494774,2025-07-08T14:38:14.774Z,147.5224,-3.1085,10.0,5.2,mww,earthquake,"122 km SSE of Lorengau, Papua New Guinea",us,reviewed
us7000qbdr,1751993307318,2025-07-08T16:48:27.318Z,-31.3548,3.1408,10.0,5.1,mww,earthquake,central Mid-Atlantic Ridge,us,reviewed
us7000qbe3,1751994715983,2025-07-08T17:11:55.983Z,147.4676,-3.0032,10.0,5.2,mww,earthquake,"109 km SSE of Lorengau, Papua New Guinea",us,reviewed
us7000qbe5,1751995323584,2025-07-08T17:22:03.584Z,147.5003,-2.9618,10.0,5.2,mww,earthquake,"105 km SSE of Lorengau, Papua New Guinea",us,reviewed
us7000qbfv,1752010891063,2025-07-08T21:41:31.063Z,-90.6483,14.4503,10.0,5.7,mww,earthquake,"3 km SSW of Amatitlán, Guatemala",us,reviewed
us7000qbgp,1752018642065,2025-07-08T23:50:42.065Z,104.7897,-6.2841,79.767,5.1,mww,earthquake,"107 km SSW of Bandar Lampung, Indonesia",us,reviewed
us7000qbk1,1752064319987,2025-07-09T12:31:59.987Z,140.162,30.6514,10.0,5.3,mww,earthquake,"Izu Islands, Japan region",us,reviewed
us7000qbn2,1752088319442,2025-07-09T19:11:59.442Z,-63.3263,-27.1666,575.164,5.2,mww,earthquake,"17 km SSW of El Hoyo, Argentina",us,reviewed
us7000qbp5,1752099176764,2025-07-09T22:12:56.764Z,35.1204,-4.528,10.0,5.0,mb,earthquake,"18 km SSE of Basotu, Tanzania",us,reviewed
us7000qbr5,1752122815108,2025-07-10T04:46:55.108Z,-174.5243,-15.5549,182.007,5.2,mww,earthquake,"89 km WNW of Hihifo, Tonga",us,reviewed
us7000qbrz,1752139565437,2025-07-10T09:26:05.437Z,-69.059,-18.9676,122.615,5.0,mww,earthquake,"54 km NE of Camiña, Chile",us,reviewed
us7000qbsz,1752153561997,2025-07-10T13:19:21.997Z,-93.8596,15.7167,81.638,5.0,mww,earthquake,"25 km SW of Doctor Belisario Dom?nguez (La Barra), Mexico",us,reviewed
us7000qbyc,1752199659296,2025-07-11T02:07:39.296Z,67.3253,-9.061,10.0,5.1,mww,earthquake,Mid-Indian Ridge,us,reviewed
us7000qbz6,1752217765866,2025-07-11T07:09:25.866Z,125.9035,24.0592,10.0,5.1,mb,earthquake,"100 km SE of Miyakojima, Japan",us,reviewed
us7000qc0q,1752237915098,2025-07-11T12:45:15.098Z,97.3212,3.1709,59.324,5.0,mb,earthquake,"82 km SE of Blangpidie, Indonesia",us,reviewed
us7000qc58,1752264586632,2025-07-11T20:09:46.632Z,132.5761,-4.3587,10.0,5.1,mww,earthquake,"141 km N of Tual, Indonesia",us,reviewed
us7000qc6r,1752285683199,2025-07-12T02:01:23.199Z,129.4081,29.3935,10.0,5.0,mb,earthquake,"106 km N of Tatsug?, Japan",us,reviewed
us7000qc7q,1752297407050,2025-07-12T05:16:47.050Z,-178.8097,-29.9747,222.473,5.3,mww,earthquake,"Kermadec Islands, New Zealand",us,reviewed
us7000qcd6,1752386218916,2025-07-13T05:56:58.916Z,-66.7496,-24.1879,182.238,5.0,mb,earthquake,"43 km W of San Antonio de los Cobres, Argentina",us,reviewed
us7000qcd8,1752387413448,2025-07-13T06:16:53.448Z,168.3777,-18.1332,32.428,5.3,mww,earthquake,"44 km S of Port-Vila, Vanuatu",us,reviewed
us7000qceg,1752405573229,2025-07-13T11:19:33.229Z,129.5346,29.3681,10.0,5.0,mww,earthquake,"101 km N of Tatsug?, Japan",us,reviewed
us7000qceh,1752406137083,2025-07-13T11:28:57.083Z,129.4963,29.2619,10.0,5.0,mb,earthquake,"90 km N of Tatsug?, Japan",us,reviewed
us7000qcet,1752412480966,2025-07-13T13:14:40.966Z,93.8813,9.3388,10.771,5.2,mww,earthquake,"285 km SSE of Port Blair, India",us,reviewed
us7000qcft,1752426513932,2025-07-13T17:08:33.932Z,127.3934,7.1206,31.808,5.1,mww,earthquake,"92 km ESE of Santiago, Philippines",us,reviewed
us7000qcif,1752470008590,2025-07-14T05:13:28.590Z,-1.8443,36.7449,10.0,5.2,mww,earthquake,"23 km E of San Jos?, Spain",us,reviewed
us7000qcih,1752471549733,2025-07-14T05:39:09.733Z,126.566,1.3313,35.0,5.2,mww,earthquake,"108 km WNW of Ternate, Indonesia",us,reviewed
us7000qcik,1752472198119,2025-07-14T05:49:58.119Z,131.2331,-6.2201,70.687,6.7,mww,earthquake,"180 km WSW of Tual, Indonesia",us,reviewed
us7000qcjp,1752474493570,2025-07-14T06:28:13.570Z,164.9884,55.6669,10.0,5.0,mb,earthquake,"168 km ESE of Ust?-Kamchatsk Staryy, Russia",us,reviewed
us7000qcky,1752497538542,2025-07-14T12:52:18.542Z,120.7279,-2.0582,10.0,5.0,mww,earthquake,"70 km NE of Masamba, Indonesia",us,reviewed
us7000qclp,1752513409051,2025-07-14T17:16:49.051Z,-82.7372,6.1706,10.0,6.2,mww,earthquake,"206 km S of Burica, Panama",us,reviewed
us7000qcmt,1752515075717,2025-07-14T17:44:35.717Z,-111.7371,-13.3198,10.0,5.1,mb,earthquake,central East Pacific Rise,us,reviewed
us7000qcp2,1752529079420,2025-07-14T21:37:59.420Z,151.4305,46.5459,74.0,5.8,mww,earthquake,Kuril Islands,us,reviewed
us7000qcqe,1752547099611,2025-07-15T02:38:19.611Z,120.6989,18.1482,50.0,5.4,mww,earthquake,"2 km SW of Piddig, Philippines",us,reviewed
us7000qcqt,1752553200992,2025-07-15T04:20:00.992Z,129.4346,29.3332,10.0,5.2,mww,earthquake,"99 km N of Tatsug?, Japan",us,reviewed
us7000qcqx,1752553632564,2025-07-15T04:27:12.564Z,-174.28,-20.5026,35.0,5.0,mb,earthquake,"76 km S of Pangai, Tonga",us,reviewed
us7000qcrv,1752573301981,2025-07-15T09:55:01.981Z,-177.9432,-30.0661,48.15,5.7,mww,earthquake,"Kermadec Islands, New Zealand",us,reviewed
us7000qctd,1752599755394,2025-07-15T17:15:55.394Z,-33.136,83.2703,8.0,5.8,mww,earthquake,near the north coast of Greenland,us,reviewed
us7000qcvv,1752614213816,2025-07-15T21:16:53.816Z,142.3374,-6.1833,10.0,5.2,mb,earthquake,"77 km WSW of Tari, Papua New Guinea",us,reviewed
us7000qczj,1752670352881,2025-07-16T12:52:32.881Z,-26.4457,-59.7372,98.872,5.2,mb,earthquake,South Sandwich Islands region,us,reviewed
us7000qd00,1752675712330,2025-07-16T14:21:52.330Z,-173.3679,52.1732,69.829,5.0,mww,earthquake,"57 km E of Atka, Alaska",us,reviewed
us7000qd09,1752681721151,2025-07-16T16:02:01.151Z,127.6745,-7.3356,10.0,5.0,mb,earthquake,"150 km NNE of Lospalos, Timor Leste",us,reviewed
us7000qd1y,1752698261667,2025-07-16T20:37:41.667Z,-160.4689,54.5652,38.0,7.3,mww,earthquake,"2025 Sand Point, Alaska Earthquake",us,reviewed
us7000qd56,1752698535037,2025-07-16T20:42:15.037Z,-159.8086,54.5973,43.905,5.4,mb,earthquake,"93 km SSE of Sand Point, Alaska",us,reviewed
us7000qd2q,1752703849007,2025-07-16T22:10:49.007Z,-160.1583,54.4357,20.875,5.2,mb,earthquake,"102 km SSE of Sand Point, Alaska",us,reviewed
us7000qd41,1752714741887,2025-07-17T01:12:21.887Z,-160.2217,54.5747,36.468,5.1,mwr,earthquake,"86 km SSE of Sand Point, Alaska",us,reviewed
us7000qd49,1752718183868,2025-07-17T02:09:43.868Z,-160.0357,54.6162,35.0,5.2,mwr,earthquake,"85 km SSE of Sand Point, Alaska",us,reviewed
us7000qd4n,1752726637038,2025-07-17T04:30:37.038Z,-160.1181,54.5012,35.0,5.6,mww,earthquake,"96 km SSE of Sand Point, Alaska",us,reviewed
us7000qd5x,1752736534781,2025-07-17T07:15:34.781Z,-175.7043,-24.2993,31.869,5.1,mb,earthquake,south of Tonga,us,reviewed
us7000qd66,1752739077420,2025-07-17T07:57:57.420Z,-175.6366,-24.2938,37.867,5.0,mb,earthquake,south of Tonga,us,reviewed
us7000qd6b,1752743065461,2025-07-17T09:04:25.461Z,119.1925,-10.1195,24.0,5.6,mww,earthquake,"76 km S of Tambolaka, Indonesia",us,reviewed
us7000qd85,1752768260352,2025-07-17T16:04:20.352Z,166.9254,-62.5712,10.0,5.1,mww,earthquake,Balleny Islands region,us,reviewed
us7000qd9t,1752778932403,2025-07-17T19:02:12.403Z,99.3304,-0.1668,65.856,5.2,mb,earthquake,"101 km WNW of Pariaman, Indonesia",us,reviewed
us7000qdaj,1752784290957,2025-07-17T20:31:30.957Z,-69.552,-24.2908,83.535,5.1,mww,earthquake,"111 km SE of Antofagasta, Chile",us,reviewed
us7000qdcl,1752814290392,2025-07-18T04:51:30.392Z,58.4983,8.2715,10.0,5.0,mww,earthquake,Carlsberg Ridge,us,reviewed
us7000qdd1,1752820088867,2025-07-18T06:28:08.867Z,58.5586,8.4441,10.0,5.3,mww,earthquake,Carlsberg Ridge,us,reviewed
us7000qdd4,1752821357349,2025-07-18T06:49:17.349Z,-90.9706,13.0165,10.0,5.1,mww,earthquake,"102 km S of Puerto San José, Guatemala",us,reviewed
us7000qddt,1752830352108,2025-07-18T09:19:12.108Z,139.7373,27.7547,490.607,5.1,mww,earthquake,"Bonin Islands, Japan region",us,reviewed
us7000qddu,1752831003349,2025-07-18T09:30:03.349Z,95.9569,22.6707,10.0,5.1,mww,earthquake,"28 km ENE of Shwebo, Burma (Myanmar)",us,reviewed
us7000qde2,1752833873304,2025-07-18T10:17:53.304Z,169.6775,-19.1082,10.0,5.1,mww,earthquake,"63 km NE of Isangel, Vanuatu",us,reviewed
us7000qdeb,1752837316671,2025-07-18T11:15:16.671Z,55.9407,14.6227,10.0,5.2,mww,earthquake,Owen Fracture Zone region,us,reviewed
us7000qdec,1752838053204,2025-07-18T11:27:33.204Z,172.1235,-23.1187,10.0,5.3,mww,earthquake,southeast of the Loyalty Islands,us,reviewed
us7000qdky,1752888886375,2025-07-19T01:34:46.375Z,121.3136,19.8236,28.962,5.3,mww,earthquake,"97 km SW of Basco, Philippines",us,reviewed
us7000qdl4,1752890323536,2025-07-19T01:58:43.536Z,-175.1232,-27.4168,10.0,5.0,mb,earthquake,Kermadec Islands region,us,reviewed
us7000qdlq,1752899301974,2025-07-19T04:28:21.974Z,-28.0196,-56.1936,118.051,5.0,mb,earthquake,South Sandwich Islands region,us,reviewed
us7000qdrz,1752908021553,2025-07-19T06:53:41.553Z,123.1922,-0.6856,10.0,5.0,mww,earthquake,"53 km ENE of Luwuk, Indonesia",us,reviewed
us7000qdu5,1752938925340,2025-07-19T15:28:45.340Z,-102.8357,8.515,10.0,5.4,mww,earthquake,northern East Pacific Rise,us,reviewed
us7000qdue,1752940507768,2025-07-19T15:55:07.768Z,-103.0158,8.3465,10.0,5.6,mww,earthquake,northern East Pacific Rise,us,reviewed
us7000qduj,1752942320575,2025-07-19T16:25:20.575Z,127.5937,8.1924,10.0,5.4,mww,earthquake,"127 km ENE of Kinablangan, Philippines",us,reviewed
us7000qdw8,1752960399667,2025-07-19T21:26:39.667Z,-102.9954,8.2601,10.0,5.2,mww,earthquake,northern East Pacific Rise,us,reviewed
us7000qdwb,1752961067538,2025-07-19T21:37:47.538Z,54.9294,36.821,10.0,5.1,mww,earthquake,"30 km E of Qarnābād, Iran",us,reviewed
us7000qdxz,1752990333448,2025-07-20T05:45:33.448Z,121.5052,19.6495,45.853,5.5,mww,earthquake,"100 km SSW of Basco, Philippines",us,reviewed
us7000qdy4,1752991371862,2025-07-20T06:02:51.862Z,160.7435,52.9166,19.179,5.0,mb,earthquake,"143 km E of Petropavlovsk-Kamchatsky, Russia",us,reviewed
us7000qdye,1752992897860,2025-07-20T06:28:17.860Z,160.6233,52.9286,23.0,6.6,mww,earthquake,"134 km E of Petropavlovsk-Kamchatsky, Russia",us,reviewed
us7000qdzh,1752993088528,2025-07-20T06:31:28.528Z,160.9248,52.846,10.0,5.2,mb,earthquake,"156 km E of Petropavlovsk-Kamchatsky, Russia",us,reviewed
us7000qdyl,1752994144327,2025-07-20T06:49:04.327Z,160.6816,52.8301,34.0,7.4,mww,earthquake,"2025 Eastern Kamchatka, Russia Earthquake",us,reviewed
us6000qxca,1752994563710,2025-07-20T06:56:03.710Z,160.7552,52.6641,10.0,5.6,mb,earthquake,"150 km ESE of Petropavlovsk-Kamchatsky, Russia",us,reviewed
us6000qxd0,1752994679956,2025-07-20T06:57:59.956Z,160.812,52.5592,10.0,5.3,mb,earthquake,"157 km ESE of Petropavlovsk-Kamchatsky, Russia",us,reviewed
us7000qdyv,1752994929059,2025-07-20T07:02:09.059Z,160.7938,52.8616,10.0,5.2,mb,earthquake,"147 km E of Petropavlovsk-Kamchatsky, Russia",us,reviewed
us7000qdyz,1752995182946,2025-07-20T07:06:22.946Z,160.4527,52.6878,10.0,5.2,mb,earthquake,"129 km ESE of Petropavlovsk-Kamchatsky, Russia",us,reviewed
us7000qdyw,1752995262573,2025-07-20T07:07:42.573Z,160.8332,52.6981,10.0,6.6,mww,earthquake,"153 km ESE of Petropavlovsk-Kamchatsky, Russia",us,reviewed
us7000qdzf,1752995387134,2025-07-20T07:09:47.134Z,161.0175,52.8415,10.0,5.6,mb,earthquake,"162 km E of Petropavlovsk-Kamchatsky, Russia",us,reviewed
us7000qdz0,1752995578030,2025-07-20T07:12:58.030Z,160.9824,52.7333,10.0,5.7,mb,earthquake,"162 km ESE of Petropavlovsk-Kamchatsky, Russia",us,reviewed
us7000qdz7,1752995935094,2025-07-20T07:18:55.094Z,160.7586,52.8847,10.0,5.3,mb,earthquake,"144 km E of Petropavlovsk-Kamchatsky, Russia",us,reviewed
us7000qdz2,1752996182065,2025-07-20T07:23:02.065Z,160.7461,52.8915,34.991,6.5,mww,earthquake,"143 km E of Petropavlovsk-Kamchatsky, Russia",us,reviewed
us7000qdz8,1752996377432,2025-07-20T07:26:17.432Z,161.0597,52.9657,10.0,5.9,mb,earthquake,"163 km E of Petropavlovsk-Kamchatsky, Russia",us,reviewed
us7000qdzg,1752998004391,2025-07-20T07:53:24.391Z,160.7762,52.8795,10.0,5.0,mb,earthquake,"145 km E of Petropavlovsk-Kamchatsky, Russia",us,reviewed
us7000qdzs,1753000260521,2025-07-20T08:31:00.521Z,-112.2399,-29.2558,10.0,5.2,mb,earthquake,Easter Island region,us,reviewed
us7000qe06,1753003853694,2025-07-20T09:30:53.694Z,160.6257,52.653,10.0,5.1,mb,earthquake,"142 km ESE of Petropavlovsk-Kamchatsky, Russia",us,reviewed
us7000qe0e,1753005820371,2025-07-20T10:03:40.371Z,160.8106,52.8893,10.0,5.2,mb,earthquake,"147 km E of Petropavlovsk-Kamchatsky, Russia",us,reviewed
us7000qe26,1753023830321,2025-07-20T15:03:50.321Z,160.5691,52.611,10.0,5.0,mb,earthquake,"140 km ESE of Petropavlovsk-Kamchatsky, Russia",us,reviewed
us7000qe2a,1753025546370,2025-07-20T15:32:26.370Z,160.49,52.404,10.0,5.2,mb,earthquake,"145 km ESE of Petropavlovsk-Kamchatsky, Russia",us,reviewed
us7000qe2b,1753026197208,2025-07-20T15:43:17.208Z,160.6623,52.7306,10.0,5.1,mb,earthquake,"141 km ESE of Petropavlovsk-Kamchatsky, Russia",us,reviewed
us7000qe2c,1753026272940,2025-07-20T15:44:32.940Z,160.6074,52.2923,10.0,5.2,mb,earthquake,"159 km ESE of Petropavlovsk-Kamchatsky, Russia",us,reviewed
us7000qe2h,1753028037986,2025-07-20T16:13:57.986Z,160.5695,52.4136,10.0,5.2,mb,earthquake,"149 km ESE of Petropavlovsk-Kamchatsky, Russia",us,reviewed
us7000qe2t,1753031384595,2025-07-20T17:09:44.595Z,160.6993,52.7654,10.0,5.1,mb,earthquake,"143 km ESE of Petropavlovsk-Kamchatsky, Russia",us,reviewed
us7000qe30,1753031420329,2025-07-20T17:10:20.329Z,160.5055,52.8429,10.0,5.5,mww,earthquake,"128 km ESE of Petropavlovsk-Kamchatsky, Russia",us,reviewed
us7000qe32,1753033025071,2025-07-20T17:37:05.071Z,160.7523,52.3119,7.749,5.3,mww,earthquake,"166 km ESE of Petropavlovsk-Kamchatsky, Russia",us,reviewed
us7000qe49,1753043486551,2025-07-20T20:31:26.551Z,160.4989,52.472,26.558,5.1,mww,earthquake,"142 km ESE of Petropavlovsk-Kamchatsky, Russia",us,reviewed
us7000qe51,1753050480041,2025-07-20T22:28:00.041Z,-159.8382,54.6051,40.0,6.2,mww,earthquake,"91 km SSE of Sand Point, Alaska",us,reviewed
us7000qe5a,1753053008625,2025-07-20T23:10:08.625Z,161.03,52.8666,10.0,5.1,mb,earthquake,"162 km E of Petropavlovsk-Kamchatsky, Russia",us,reviewed
us7000qe7h,1753081693143,2025-07-21T07:08:13.143Z,160.9316,52.3541,10.0,5.0,mb,earthquake,"174 km ESE of Petropavlovsk-Kamchatsky, Russia",us,reviewed
us7000qe8m,1753093514191,2025-07-21T10:25:14.191Z,160.5912,52.5046,37.794,5.2,mww,earthquake,"146 km ESE of Petropavlovsk-Kamchatsky, Russia",us,reviewed
us7000qe8s,1753094190171,2025-07-21T10:36:30.171Z,160.3168,52.2504,10.0,5.2,mww,earthquake,"145 km SE of Petropavlovsk-Kamchatsky, Russia",us,reviewed
us7000qeaf,1753108424991,2025-07-21T14:33:44.991Z,160.876,52.8633,10.0,5.0,mww,earthquake,"152 km E of Petropavlovsk-Kamchatsky, Russia",us,reviewed
us7000qeak,1753108639732,2025-07-21T14:37:19.732Z,160.7648,52.2589,10.0,5.0,mb,earthquake,"170 km ESE of Petropavlovsk-Kamchatsky, Russia",us,reviewed
us7000qean,1753110860671,2025-07-21T15:14:20.671Z,160.6495,52.4567,17.555,5.2,mww,earthquake,"152 km ESE of Petropavlovsk-Kamchatsky, Russia",us,reviewed
us6000qtxa,1753114815431,2025-07-21T16:20:15.431Z,160.5948,52.7939,10.0,5.1,mww,earthquake,"135 km ESE of Petropavlovsk-Kamchatsky, Russia",us,reviewed
us6000qtxh,1753116067858,2025-07-21T16:41:07.858Z,146.6039,-5.8623,94.0,5.8,mww,earthquake,"94 km ENE of Kainantu, Papua New Guinea",us,reviewed
us6000qtxw,1753116642669,2025-07-21T16:50:42.669Z,160.3689,52.1396,26.619,5.0,mb,earthquake,"156 km SE of Petropavlovsk-Kamchatsky, Russia",us,reviewed
us6000qtzg,1753124839999,2025-07-21T19:07:19.999Z,179.5187,51.2679,49.643,5.0,mb,earthquake,"275 km WSW of Adak, Alaska",us,reviewed
us6000qu1q,1753149537357,2025-07-22T01:58:57.357Z,160.7864,52.5395,10.0,5.3,mb,earthquake,"156 km ESE of Petropavlovsk-Kamchatsky, Russia",us,reviewed
us6000qu2r,1753149568404,2025-07-22T01:59:28.404Z,160.6453,52.4133,12.308,6.0,mww,earthquake,"154 km ESE of Petropavlovsk-Kamchatsky, Russia",us,reviewed
us6000qu1u,1753150057582,2025-07-22T02:07:37.582Z,160.7348,52.429,10.0,5.3,mb,earthquake,"158 km ESE of Petropavlovsk-Kamchatsky, Russia",us,reviewed
us6000qu22,1753151646787,2025-07-22T02:34:06.787Z,160.625,52.6315,10.0,5.0,mb,earthquake,"142 km ESE of Petropavlovsk-Kamchatsky, Russia",us,reviewed
us6000qu2u,1753160648123,2025-07-22T05:04:08.123Z,68.7987,-4.827,10.0,5.5,mww,earthquake,Chagos Archipelago region,us,reviewed
us6000qu2t,1753160968534,2025-07-22T05:09:28.534Z,160.8517,52.9016,10.0,5.0,mb,earthquake,"150 km E of Petropavlovsk-Kamchatsky, Russia",us,reviewed
us6000qu3g,1753166296286,2025-07-22T06:38:16.286Z,-12.4335,-4.688,10.0,5.1,mb,earthquake,north of Ascension Island,us,reviewed
us6000qu3m,1753172294707,2025-07-22T08:18:14.707Z,160.47,52.4684,10.0,5.0,mb,earthquake,"140 km ESE of Petropavlovsk-Kamchatsky, Russia",us,reviewed
us6000qu3r,1753173613254,2025-07-22T08:40:13.254Z,118.8538,-7.8025,38.505,5.0,mb,earthquake,"74 km N of Bima, Indonesia",us,reviewed
us6000qu4k,1753186861947,2025-07-22T12:21:01.947Z,160.8244,52.3861,10.0,5.0,mww,earthquake,"166 km ESE of Petropavlovsk-Kamchatsky, Russia",us,reviewed
us6000qu9h,1753228708346,2025-07-22T23:58:28.346Z,160.816,52.8406,28.0,5.4,mww,earthquake,"149 km E of Petropavlovsk-Kamchatsky, Russia",us,reviewed
us6000quaf,1753241040770,2025-07-23T03:24:00.770Z,-179.9105,-23.4563,532.691,5.6,mww,earthquake,south of the Fiji Islands,us,reviewed
us6000qubl,1753259129283,2025-07-23T08:25:29.283Z,130.2673,-2.9867,10.0,5.2,mww,earthquake,"148 km ENE of Masohi, Indonesia",us,reviewed
us6000qubz,1753264941981,2025-07-23T10:02:21.981Z,53.7975,14.5639,10.0,5.3,mww,earthquake,"210 km N of Qalansīyah, Yemen",us,reviewed
us6000quc4,1753267041715,2025-07-23T10:37:21.715Z,82.3489,49.3239,10.0,5.2,mb,earthquake,"52 km WSW of Asubulak, Kazakhstan",us,reviewed
us6000qucv,1753277214279,2025-07-23T13:26:54.279Z,23.5212,35.8797,65.955,5.1,mww,earthquake,"44 km NNW of Kolympári, Greece",us,reviewed
us6000qufs,1753300891303,2025-07-23T20:01:31.303Z,160.0866,52.4804,35.446,5.1,mww,earthquake,"117 km SE of Petropavlovsk-Kamchatsky, Russia",us,reviewed
us6000qugg,1753303843792,2025-07-23T20:50:43.792Z,122.0874,0.4411,142.0,6.3,mww,earthquake,"109 km W of Gorontalo, Indonesia",us,reviewed
us6000quiv,1753317980620,2025-07-24T00:46:20.620Z,-68.648,-22.1968,106.106,5.2,mww,earthquake,"40 km NE of Calama, Chile",us,reviewed
us6000quk3,1753338894419,2025-07-24T06:34:54.419Z,166.0672,-10.8927,112.694,5.3,mww,earthquake,"34 km ESE of Lata, Solomon Islands",us,reviewed
us6000qukc,1753346076949,2025-07-24T08:34:36.949Z,160.3396,52.2582,10.0,5.0,mb,earthquake,"146 km SE of Petropavlovsk-Kamchatsky, Russia",us,reviewed
us6000qulb,1753362417472,2025-07-24T13:06:57.472Z,120.7566,-1.9763,10.0,5.5,mww,earthquake,"64 km S of Poso, Indonesia",us,reviewed
us6000qulk,1753362496319,2025-07-24T13:08:16.319Z,120.66,-2.0235,10.0,5.6,mww,earthquake,"69 km NNE of Masamba, Indonesia",us,reviewed
us6000qun0,1753375038726,2025-07-24T16:37:18.726Z,143.7515,-4.2084,108.0,5.7,mww,earthquake,"38 km WSW of Angoram, Papua New Guinea",us,reviewed
us6000quqk,1753384959525,2025-07-24T19:22:39.525Z,145.684,18.1939,144.0,5.4,mww,earthquake,"Pagan region, Northern Mariana Islands",us,reviewed
us6000quxn,1753396647147,2025-07-24T22:37:27.147Z,161.0626,53.0151,14.0,6.0,mww,earthquake,"163 km E of Petropavlovsk-Kamchatsky, Russia",us,reviewed
us6000quxr,1753396764305,2025-07-24T22:39:24.305Z,161.0863,52.9584,10.0,5.8,mb,earthquake,"165 km E of Petropavlovsk-Kamchatsky, Russia",us,reviewed
us6000quy1,1753400276601,2025-07-24T23:37:56.601Z,-175.7016,-14.9093,314.151,6.6,mww,earthquake,"187 km SSE of Mata-Utu, Wallis and Futuna",us,reviewed
us6000quyn,1753406942957,2025-07-25T01:29:02.957Z,-18.008,37.7163,10.0,5.5,mww,earthquake,Azores-Cape St. Vincent Ridge,us,reviewed
us6000quzc,1753413611338,2025-07-25T03:20:11.338Z,101.2736,-3.233,35.0,5.1,mb,earthquake,"126 km WNW of Bengkulu, Indonesia",us,reviewed
us6000qv0l,1753436673501,2025-07-25T09:44:33.501Z,145.4266,18.8435,246.909,5.3,mww,earthquake,"Pagan region, Northern Mariana Islands",us,reviewed
us6000qv1a,1753441981067,2025-07-25T11:13:01.067Z,160.694,52.6158,10.0,5.0,mww,earthquake,"147 km ESE of Petropavlovsk-Kamchatsky, Russia",us,reviewed
us6000qv1b,1753442522292,2025-07-25T11:22:02.292Z,146.5854,-55.4066,10.0,6.2,mww,earthquake,west of Macquarie Island,us,reviewed
us6000qv3y,1753447555345,2025-07-25T12:45:55.345Z,146.4375,-55.3251,10.0,5.7,mww,earthquake,west of Macquarie Island,us,reviewed
us6000qv7n,1753478998920,2025-07-25T21:29:58.920Z,126.873,2.0241,80.0,5.8,mww,earthquake,"130 km WNW of Tobelo, Indonesia",us,reviewed
us6000qv8s,1753485308826,2025-07-25T23:15:08.826Z,160.3204,52.6512,10.0,5.0,mb,earthquake,"122 km ESE of Petropavlovsk-Kamchatsky, Russia",us,reviewed
us6000qv9g,1753506233539,2025-07-26T05:03:53.539Z,178.3992,51.6717,89.851,5.3,mww,earthquake,"Rat Islands, Aleutian Islands, Alaska",us,reviewed
us6000qv9l,1753507906303,2025-07-26T05:31:46.303Z,131.5362,-0.3955,10.0,5.6,mww,earthquake,"61 km NNE of Sorong, Indonesia",us,reviewed
us6000qv9s,1753509035910,2025-07-26T05:50:35.910Z,160.9047,52.4376,23.423,5.0,mb,earthquake,"168 km ESE of Petropavlovsk-Kamchatsky, Russia",us,reviewed
us6000qvbw,1753546504546,2025-07-26T16:15:04.546Z,157.7252,-57.7718,17.0,6.2,mww,earthquake,Macquarie Island region,us,reviewed
us6000qvd3,1753556063644,2025-07-26T18:54:23.644Z,160.747,52.3235,10.0,5.0,mb,earthquake,"165 km ESE of Petropavlovsk-Kamchatsky, Russia",us,reviewed
us6000qvdh,1753562810175,2025-07-26T20:46:50.175Z,157.7679,-57.7122,10.0,5.0,mb,earthquake,Macquarie Island region,us,reviewed
us6000qvdz,1753571379073,2025-07-26T23:09:39.073Z,178.2398,52.0667,135.161,5.1,mww,earthquake,"Rat Islands, Aleutian Islands, Alaska",us,reviewed
us6000qves,1753584326329,2025-07-27T02:45:26.329Z,124.2715,-5.697,609.233,5.3,mww,earthquake,"186 km E of Baubau, Indonesia",us,reviewed
us6000qvgw,1753608637512,2025-07-27T09:30:37.512Z,-18.745,-60.0878,10.0,5.6,mww,earthquake,east of the South Sandwich Islands,us,reviewed
us6000qvgz,1753609034601,2025-07-27T09:37:14.601Z,-18.6513,-60.1114,10.0,5.2,mb,earthquake,east of the South Sandwich Islands,us,reviewed
us6000qvj2,1753656425173,2025-07-27T22:47:05.173Z,-166.602,54.0969,83.0,5.3,mww,earthquake,"23 km N of Dutch Harbor, Alaska",us,reviewed
us6000qvj6,1753659601998,2025-07-27T23:40:01.998Z,-17.2733,64.5425,10.0,5.3,mww,earthquake,"104 km WNW of Höfn, Iceland",us,reviewed
us6000qvjx,1753672228080,2025-07-28T03:10:28.080Z,143.0558,42.3044,57.999,5.2,mww,earthquake,"20 km W of Hiroo, Japan",us,reviewed
us6000qvk1,1753674873561,2025-07-28T03:54:33.561Z,52.6537,27.483,10.0,5.0,mww,earthquake,"24 km WSW of Mohr, Iran",us,reviewed
us6000qvlw,1753703103459,2025-07-28T11:45:03.459Z,160.611,52.811,10.0,5.1,mb,earthquake,"136 km ESE of Petropavlovsk-Kamchatsky, Russia",us,reviewed
us6000qvm7,1753709900566,2025-07-28T13:38:20.566Z,29.2421,-3.7409,10.0,5.2,mww,earthquake,"33 km NW of Rumonge, Burundi",us,reviewed
us6000qvpp,1753728110299,2025-07-28T18:41:50.299Z,93.0637,6.6907,21.0,6.4,mww,earthquake,"264 km WNW of Sabang, Indonesia",us,reviewed
us6000qvsf,1753740635109,2025-07-28T22:10:35.109Z,157.0388,-57.605,31.0,7.0,mww,earthquake,Macquarie Island region,us,reviewed
us6000qvvp,1753740920890,2025-07-28T22:15:20.890Z,157.6187,-57.9072,10.0,5.8,mb,earthquake,Macquarie Island region,us,reviewed
us6000qz71,1753741124052,2025-07-28T22:18:44.052Z,157.6493,-57.7392,10.0,5.1,mb,earthquake,Macquarie Island region,us,reviewed
us6000qvsl,1753741241377,2025-07-28T22:20:41.377Z,157.7149,-57.8059,34.854,5.3,mb,earthquake,Macquarie Island region,us,reviewed
us6000qvuf,1753743539483,2025-07-28T22:58:59.483Z,157.5828,-57.8241,10.0,5.0,mb,earthquake,Macquarie Island region,us,reviewed
us6000qvup,1753748476655,2025-07-29T00:21:16.655Z,157.8263,-57.9045,33.218,5.4,mb,earthquake,Macquarie Island region,us,reviewed
us6000qvuu,1753749849871,2025-07-29T00:44:09.871Z,157.4795,-57.6969,33.873,5.1,mb,earthquake,Macquarie Island region,us,reviewed
us6000qvw7,1753773257467,2025-07-29T07:14:17.467Z,157.8923,-57.9029,10.0,5.1,mb,earthquake,Macquarie Island region,us,reviewed
us6000qvx9,1753790665042,2025-07-29T12:04:25.042Z,41.105,16.5187,10.0,5.2,mww,earthquake,"110 km W of Farasān, Saudi Arabia",us,reviewed
us6000qw06,1753805494441,2025-07-29T16:11:34.441Z,93.9629,9.357,10.0,5.0,mb,earthquake,"288 km SSE of Port Blair, India",us,reviewed
us6000qw18,1753811197267,2025-07-29T17:46:37.267Z,178.9624,-23.5094,550.0,5.8,mww,earthquake,south of the Fiji Islands,us,reviewed
us6000qw1a,1753811620918,2025-07-29T17:53:40.918Z,178.858,-23.4497,553.0,6.6,mww,earthquake,south of the Fiji Islands,us,reviewed
us6000qw58,1753824107885,2025-07-29T21:21:47.885Z,-89.791,14.0993,11.913,5.6,mww,earthquake,"4 km WNW of Jerez, Guatemala",us,reviewed
us6000qw59,1753824323916,2025-07-29T21:25:23.916Z,-89.8711,14.0663,10.0,5.7,mww,earthquake,"6 km SE of Comapa, Guatemala",us,reviewed
us6000qw5x,1753830321056,2025-07-29T23:05:21.056Z,-89.8537,14.0537,10.0,5.2,mww,earthquake,"9 km SE of Comapa, Guatemala",us,reviewed
us6000qw60,1753831492483,2025-07-29T23:24:52.483Z,160.2395,52.4948,35.0,8.8,mww,earthquake,"2025 Kamchatka Peninsula, Russia Earthquake",us,reviewed
us6000r0y5,1753831803032,2025-07-29T23:30:03.032Z,159.7031,52.5195,16.375,6.3,mb,earthquake,"94 km SE of Petropavlovsk-Kamchatsky, Russia",us,reviewed
us6000r0xw,1753831844566,2025-07-29T23:30:44.566Z,159.5787,52.6498,25.423,6.1,mb,earthquake,"78 km SE of Petropavlovsk-Kamchatsky, Russia",us,reviewed
us6000r0xt,1753831885020,2025-07-29T23:31:25.020Z,160.4312,53.665,42.734,5.9,mb,earthquake,"137 km ENE of Petropavlovsk-Kamchatsky, Russia",us,reviewed
us6000r0q2,1753832093625,2025-07-29T23:34:53.625Z,159.121,51.8593,35.0,5.9,mb,earthquake,"128 km SSE of Vilyuchinsk, Russia",us,reviewed
us6000r0qc,1753832161341,2025-07-29T23:36:01.341Z,158.2503,51.7541,35.0,6.0,mb,earthquake,"124 km ENE of Ozernovskiy, Russia",us,reviewed
us6000qwhj,1753832254403,2025-07-29T23:37:34.403Z,159.126,51.5092,35.0,6.0,mb,earthquake,"165 km SSE of Vilyuchinsk, Russia",us,reviewed
us6000r0ql,1753832308604,2025-07-29T23:38:28.604Z,159.5397,52.3144,35.0,5.7,mb,earthquake,"103 km SE of Vilyuchinsk, Russia",us,reviewed
us6000r0qg,1753832336675,2025-07-29T23:38:56.675Z,159.0547,51.0614,10.0,5.8,mb,earthquake,"184 km ESE of Ozernovskiy, Russia",us,reviewed
us6000qwhh,1753832427004,2025-07-29T23:40:27.004Z,156.5191,49.2988,10.0,5.7,mb,earthquake,"155 km S of Severo-Kuril’sk, Russia",us,reviewed
us6000r0px,1753832583665,2025-07-29T23:43:03.665Z,159.1555,51.5974,35.0,5.2,mb,earthquake,"157 km SSE of Vilyuchinsk, Russia",us,reviewed
us6000r0pv,1753832694409,2025-07-29T23:44:54.409Z,157.7211,50.8173,39.461,5.4,mb,earthquake,"113 km E of Severo-Kuril’sk, Russia",us,reviewed
us6000r0qb,1753832728076,2025-07-29T23:45:28.076Z,159.6054,51.6288,10.0,5.4,mb,earthquake,"166 km SSE of Vilyuchinsk, Russia",us,reviewed
us6000r0qh,1753832754578,2025-07-29T23:45:54.578Z,160.1908,51.8275,10.0,5.0,mb,earthquake,"172 km SE of Vilyuchinsk, Russia",us,reviewed
us6000qwi3,1753832797801,2025-07-29T23:46:37.801Z,156.1591,49.4264,35.0,5.7,mb,earthquake,"138 km S of Severo-Kuril’sk, Russia",us,reviewed
us6000qw6g,1753832897525,2025-07-29T23:48:17.525Z,160.1586,51.7599,10.0,5.6,mb,earthquake,"176 km SE of Vilyuchinsk, Russia",us,reviewed
us6000r0qi,1753832941142,2025-07-29T23:49:01.142Z,159.2493,53.3099,19.149,5.1,mb,earthquake,"49 km ENE of Petropavlovsk-Kamchatsky, Russia",us,reviewed
us6000qw6m,1753832956697,2025-07-29T23:49:16.697Z,160.2382,52.6478,35.0,5.4,mb,earthquake,"117 km ESE of Petropavlovsk-Kamchatsky, Russia",us,reviewed
us6000r0py,1753833021143,2025-07-29T23:50:21.143Z,158.2852,51.4327,35.0,5.4,mb,earthquake,"124 km E of Ozernovskiy, Russia",us,reviewed
us6000r0pu,1753833115044,2025-07-29T23:51:55.044Z,158.3042,50.7772,38.704,5.0,mb,earthquake,"149 km ESE of Ozernovskiy, Russia",us,reviewed
us6000r0qf,1753833274195,2025-07-29T23:54:34.195Z,159.1169,50.4763,10.0,5.2,mb,earthquake,"212 km E of Severo-Kuril’sk, Russia",us,reviewed
us6000r0pw,1753833298717,2025-07-29T23:54:58.717Z,158.7836,50.8049,10.0,5.7,mb,earthquake,"177 km ESE of Ozernovskiy, Russia",us,reviewed
us6000qw6i,1753833390332,2025-07-29T23:56:30.332Z,157.687,-57.7617,10.0,5.1,mb,earthquake,Macquarie Island region,us,reviewed
us6000r0qd,1753833478930,2025-07-29T23:57:58.930Z,156.4018,49.1548,27.618,5.1,mb,earthquake,"170 km S of Severo-Kuril’sk, Russia",us,reviewed
us6000r10g,1753833664828,2025-07-30T00:01:04.828Z,157.364,50.3027,35.0,5.2,mb,earthquake,"97 km ESE of Severo-Kuril’sk, Russia",us,reviewed
us6000qw6r,1753833887327,2025-07-30T00:04:47.327Z,160.0392,52.0603,10.0,5.2,mb,earthquake,"147 km SE of Petropavlovsk-Kamchatsky, Russia",us,reviewed
us6000r10h,1753834054269,2025-07-30T00:07:34.269Z,159.5625,51.9301,35.0,5.1,mb,earthquake,"136 km SE of Vilyuchinsk, Russia",us,reviewed
us6000r12g,1753834119203,2025-07-30T00:08:39.203Z,159.2254,51.6403,35.0,5.2,mb,earthquake,"154 km SSE of Vilyuchinsk, Russia",us,reviewed
us6000r12i,1753834172623,2025-07-30T00:09:32.623Z,159.5076,51.6796,35.0,5.0,mb,earthquake,"158 km SSE of Vilyuchinsk, Russia",us,reviewed
us6000qw6q,1753834198961,2025-07-30T00:09:58.961Z,159.8008,52.1946,36.622,6.9,mww,earthquake,"125 km SE of Petropavlovsk-Kamchatsky, Russia",us,reviewed
us6000r1em,1753834340745,2025-07-30T00:12:20.745Z,159.8227,51.7857,25.681,5.8,mb,earthquake,"159 km SE of Vilyuchinsk, Russia",us,reviewed
us6000r12j,1753834556675,2025-07-30T00:15:56.675Z,159.7633,52.1516,35.0,5.2,mb,earthquake,"126 km SE of Vilyuchinsk, Russia",us,reviewed
us6000qw6s,1753834566520,2025-07-30T00:16:06.520Z,159.692,52.1048,35.0,6.2,mb,earthquake,"126 km SE of Vilyuchinsk, Russia",us,reviewed
us6000r10j,1753834958854,2025-07-30T00:22:38.854Z,157.5188,50.4486,35.0,5.0,mb,earthquake,"101 km ESE of Severo-Kuril’sk, Russia",us,reviewed
us6000r10i,1753835034632,2025-07-30T00:23:54.632Z,158.5045,51.0064,35.0,5.3,mb,earthquake,"150 km ESE of Ozernovskiy, Russia",us,reviewed
us6000r1ga,1753835050598,2025-07-30T00:24:10.598Z,159.5442,51.8385,35.0,5.2,mb,earthquake,"144 km SSE of Vilyuchinsk, Russia",us,reviewed
us6000r1d7,1753835165940,2025-07-30T00:26:05.940Z,158.6593,50.9849,35.0,5.4,mb,earthquake,"161 km ESE of Ozernovskiy, Russia",us,reviewed
us6000r1eu,1753835264960,2025-07-30T00:27:44.960Z,160.2184,51.8231,10.0,5.0,mb,earthquake,"174 km SE of Vilyuchinsk, Russia",us,reviewed
us6000r12p,1753835293843,2025-07-30T00:28:13.843Z,158.4846,51.0322,35.0,5.0,mb,earthquake,"147 km ESE of Ozernovskiy, Russia",us,reviewed
us6000qw6y,1753835475562,2025-07-30T00:31:15.562Z,160.1487,52.3338,35.0,5.4,mb,earthquake,"131 km SE of Petropavlovsk-Kamchatsky, Russia",us,reviewed
us6000qw6z,1753835726004,2025-07-30T00:35:26.004Z,159.255,51.9131,35.0,5.7,mb,earthquake,"127 km SSE of Vilyuchinsk, Russia",us,reviewed
us6000r10q,1753836059302,2025-07-30T00:40:59.302Z,159.2508,52.5351,57.268,5.3,mb,earthquake,"72 km SE of Vilyuchinsk, Russia",us,reviewed
us6000r10l,1753836089428,2025-07-30T00:41:29.428Z,159.1092,51.4871,35.0,5.2,mb,earthquake,"167 km SSE of Vilyuchinsk, Russia",us,reviewed
us6000r10p,1753836498886,2025-07-30T00:48:18.886Z,159.2399,51.9108,35.0,5.2,mb,earthquake,"126 km SSE of Vilyuchinsk, Russia",us,reviewed
us6000r12q,1753836555321,2025-07-30T00:49:15.321Z,159.0146,51.7491,35.0,5.1,mb,earthquake,"137 km SSE of Vilyuchinsk, Russia",us,reviewed
us6000r10r,1753836609012,2025-07-30T00:50:09.012Z,161.3322,51.9332,10.0,5.1,mb,earthquake,"222 km SE of Petropavlovsk-Kamchatsky, Russia",us,reviewed
us6000r10m,1753836719844,2025-07-30T00:51:59.844Z,160.2341,52.566,35.0,5.3,mb,earthquake,"121 km ESE of Petropavlovsk-Kamchatsky, Russia",us,reviewed
us6000qw73,1753836902822,2025-07-30T00:55:02.822Z,159.1846,51.5583,38.813,5.1,mb,earthquake,"161 km SSE of Vilyuchinsk, Russia",us,reviewed
us6000r130,1753836962856,2025-07-30T00:56:02.856Z,155.3961,49.7005,65.747,5.3,mb,earthquake,"120 km SSW of Severo-Kuril’sk, Russia",us,reviewed
us6000qw74,1753837118149,2025-07-30T00:58:38.149Z,159.8996,51.585,10.0,5.7,mb,earthquake,"181 km SSE of Vilyuchinsk, Russia",us,reviewed
us6000r10u,1753837289830,2025-07-30T01:01:29.830Z,159.6648,51.4017,19.591,5.0,mb,earthquake,"190 km SSE of Vilyuchinsk, Russia",us,reviewed
us6000r1gl,1753837331309,2025-07-30T01:02:11.309Z,159.5148,51.734,35.0,5.0,mb,earthquake,"153 km SSE of Vilyuchinsk, Russia",us,reviewed
us6000qw75,1753837402907,2025-07-30T01:03:22.907Z,158.8083,51.6577,35.0,5.7,mb,earthquake,"144 km S of Vilyuchinsk, Russia",us,reviewed
us6000r10v,1753837475521,2025-07-30T01:04:35.521Z,158.8849,52.7348,80.957,5.3,mb,earthquake,"39 km SE of Vilyuchinsk, Russia",us,reviewed
us6000r1fn,1753837536618,2025-07-30T01:05:36.618Z,158.5719,51.1774,46.083,5.1,mb,earthquake,"148 km ESE of Ozernovskiy, Russia",us,reviewed
us6000r137,1753837574313,2025-07-30T01:06:14.313Z,160.0652,52.3284,32.112,5.0,mb,earthquake,"127 km SE of Petropavlovsk-Kamchatsky, Russia",us,reviewed
us6000qw78,1753837621742,2025-07-30T01:07:01.742Z,157.1493,50.7446,50.573,5.2,mb,earthquake,"72 km E of Severo-Kuril’sk, Russia",us,reviewed
us6000r1h9,1753837772871,2025-07-30T01:09:32.871Z,159.6171,52.062,35.0,5.0,mb,earthquake,"127 km SE of Vilyuchinsk, Russia",us,reviewed
us6000qw7b,1753837890575,2025-07-30T01:11:30.575Z,160.0971,52.338,35.0,5.3,mb,earthquake,"128 km SE of Petropavlovsk-Kamchatsky, Russia",us,reviewed
us6000r1fm,1753837970690,2025-07-30T01:12:50.690Z,158.716,51.0629,35.0,5.0,mb,earthquake,"161 km ESE of Ozernovskiy, Russia",us,reviewed
us6000r110,1753838200241,2025-07-30T01:16:40.241Z,159.5434,51.4337,10.0,5.1,mb,earthquake,"183 km SSE of Vilyuchinsk, Russia",us,reviewed
us6000qw7d,1753838435630,2025-07-30T01:20:35.630Z,160.5659,52.5706,10.0,5.4,mb,earthquake,"141 km ESE of Petropavlovsk-Kamchatsky, Russia",us,reviewed
us6000r1gd,1753838469640,2025-07-30T01:21:09.640Z,158.0752,52.2594,10.0,5.3,mb,earthquake,"78 km SSW of Vilyuchinsk, Russia",us,reviewed
us6000r11z,1753838523759,2025-07-30T01:22:03.759Z,159.3432,51.6531,35.0,5.1,mb,earthquake,"155 km SSE of Vilyuchinsk, Russia",us,reviewed
us6000r10z,1753838973385,2025-07-30T01:29:33.385Z,159.5587,51.6098,23.56,5.0,mb,earthquake,"166 km SSE of Vilyuchinsk, Russia",us,reviewed
us6000qw7f,1753839496776,2025-07-30T01:38:16.776Z,158.3088,51.0169,35.0,5.6,mb,earthquake,"136 km ESE of Ozernovskiy, Russia",us,reviewed
us6000qw7g,1753839604205,2025-07-30T01:40:04.205Z,160.593,51.9929,10.0,5.4,mb,earthquake,"178 km SE of Petropavlovsk-Kamchatsky, Russia",us,reviewed
us6000qw7h,1753840012665,2025-07-30T01:46:52.665Z,157.2929,50.1868,35.0,5.5,mb,earthquake,"99 km ESE of Severo-Kuril’sk, Russia",us,reviewed
us6000r1gf,1753840095933,2025-07-30T01:48:15.933Z,160.0372,52.1663,10.0,5.1,mb,earthquake,"138 km SE of Petropavlovsk-Kamchatsky, Russia",us,reviewed
us6000qw7l,1753840331436,2025-07-30T01:52:11.436Z,159.3075,51.6833,35.0,5.3,mb,earthquake,"151 km SSE of Vilyuchinsk, Russia",us,reviewed
us6000qw7r,1753841109916,2025-07-30T02:05:09.916Z,160.5416,52.1106,10.0,5.0,mb,earthquake,"167 km SE of Petropavlovsk-Kamchatsky, Russia",us,reviewed
us6000r140,1753841148878,2025-07-30T02:05:48.878Z,157.3539,49.8017,22.714,5.3,mb,earthquake,"130 km SE of Severo-Kuril’sk, Russia",us,reviewed
us6000qw82,1753841993788,2025-07-30T02:19:53.788Z,160.9005,52.913,10.0,5.0,mb,earthquake,"153 km E of Petropavlovsk-Kamchatsky, Russia",us,reviewed
us6000r149,1753842285483,2025-07-30T02:24:45.483Z,159.2461,51.4984,35.0,5.2,mb,earthquake,"169 km SSE of Vilyuchinsk, Russia",us,reviewed
us6000qw83,1753842308939,2025-07-30T02:25:08.939Z,159.2382,52.0961,35.0,5.0,mb,earthquake,"108 km SSE of Vilyuchinsk, Russia",us,reviewed
us6000qw86,1753842450416,2025-07-30T02:27:30.416Z,162.0791,52.1134,10.0,5.7,mb,earthquake,"256 km ESE of Petropavlovsk-Kamchatsky, Russia",us,reviewed
us6000qw87,1753842640490,2025-07-30T02:30:40.490Z,157.4441,50.6541,37.52,5.9,mb,earthquake,"93 km E of Severo-Kuril’sk, Russia",us,reviewed
us6000r148,1753842776522,2025-07-30T02:32:56.522Z,157.4403,49.8278,10.0,5.3,mb,earthquake,"132 km SE of Severo-Kuril’sk, Russia",us,reviewed
us6000qw8c,1753843366549,2025-07-30T02:42:46.549Z,157.1683,49.2196,10.0,5.2,mb,earthquake,"178 km SSE of Severo-Kuril’sk, Russia",us,reviewed
us6000qw8h,1753843995542,2025-07-30T02:53:15.542Z,161.3435,52.2064,10.0,5.1,mb,earthquake,"207 km ESE of Petropavlovsk-Kamchatsky, Russia",us,reviewed
us6000qw8p,1753845082761,2025-07-30T03:11:22.761Z,160.9578,52.8384,27.95,5.3,mb,earthquake,"158 km E of Petropavlovsk-Kamchatsky, Russia",us,reviewed
us6000r11i,1753845145785,2025-07-30T03:12:25.785Z,159.4949,51.1902,10.0,5.2,mb,earthquake,"207 km SSE of Vilyuchinsk, Russia",us,reviewed
us6000qw8r,1753845205319,2025-07-30T03:13:25.319Z,159.309,51.7321,35.0,5.5,mb,earthquake,"146 km SSE of Vilyuchinsk, Russia",us,reviewed
us6000r1gk,1753845236616,2025-07-30T03:13:56.616Z,160.8815,52.8756,24.949,5.5,mb,earthquake,"152 km E of Petropavlovsk-Kamchatsky, Russia",us,reviewed
us6000qw92,1753845388679,2025-07-30T03:16:28.679Z,160.8644,52.7151,10.0,5.3,mb,earthquake,"155 km ESE of Petropavlovsk-Kamchatsky, Russia",us,reviewed
us6000qw8v,1753845565126,2025-07-30T03:19:25.126Z,157.3207,49.6826,10.0,5.4,mb,earthquake,"139 km SE of Severo-Kuril’sk, Russia",us,reviewed
us6000qwdd,1753845772288,2025-07-30T03:22:52.288Z,159.0797,50.8553,35.0,5.0,mb,earthquake,"193 km ESE of Ozernovskiy, Russia",us,reviewed
us6000qw94,1753845954468,2025-07-30T03:25:54.468Z,159.1797,51.8385,35.0,5.5,mb,earthquake,"132 km SSE of Vilyuchinsk, Russia",us,reviewed
us6000r11n,1753846054800,2025-07-30T03:27:34.800Z,158.2915,50.9447,69.424,5.1,mb,earthquake,"139 km ESE of Ozernovskiy, Russia",us,reviewed
us6000qw9v,1753847834025,2025-07-30T03:57:14.025Z,158.1625,50.2924,10.0,5.1,mb,earthquake,"150 km ESE of Severo-Kuril’sk, Russia",us,reviewed
us6000qw9z,1753848224884,2025-07-30T04:03:44.884Z,160.7237,52.497,10.0,5.4,mb,earthquake,"154 km ESE of Petropavlovsk-Kamchatsky, Russia",us,reviewed
us6000qwai,1753849005383,2025-07-30T04:16:45.383Z,158.0272,50.2153,10.0,5.1,mb,earthquake,"144 km ESE of Severo-Kuril’sk, Russia",us,reviewed
us6000qwah,1753849514790,2025-07-30T04:25:14.790Z,156.5319,49.3297,35.0,5.6,mb,earthquake,"152 km S of Severo-Kuril’sk, Russia",us,reviewed
us6000r1e5,1753849635157,2025-07-30T04:27:15.157Z,158.7706,51.0086,37.597,5.0,mb,earthquake,"167 km ESE of Ozernovskiy, Russia",us,reviewed
us6000qwd8,1753849785318,2025-07-30T04:29:45.318Z,157.9433,50.1538,10.0,5.2,mb,earthquake,"141 km ESE of Severo-Kuril’sk, Russia",us,reviewed
us6000qwas,1753850893526,2025-07-30T04:48:13.526Z,159.1432,51.631,35.0,5.0,mb,earthquake,"153 km SSE of Vilyuchinsk, Russia",us,reviewed
us6000qwaz,1753851258544,2025-07-30T04:54:18.544Z,159.9705,51.4833,10.0,5.3,mb,earthquake,"193 km SSE of Vilyuchinsk, Russia",us,reviewed
us6000qwb5,1753851573818,2025-07-30T04:59:33.818Z,160.1375,51.8831,10.0,5.0,mb,earthquake,"165 km SE of Vilyuchinsk, Russia",us,reviewed
us6000qwb4,1753851915426,2025-07-30T05:05:15.426Z,157.8617,50.7377,61.759,5.6,mb,earthquake,"122 km E of Severo-Kuril’sk, Russia",us,reviewed
us6000qwb7,1753852142899,2025-07-30T05:09:02.899Z,157.3962,50.0903,10.0,5.3,mb,earthquake,"111 km SE of Severo-Kuril’sk, Russia",us,reviewed
us6000r12b,1753852321821,2025-07-30T05:12:01.821Z,159.9783,51.0576,10.0,5.0,mb,earthquake,"234 km SSE of Vilyuchinsk, Russia",us,reviewed
us6000qwbd,1753852674139,2025-07-30T05:17:54.139Z,160.346,52.5009,35.0,5.2,mb,earthquake,"131 km ESE of Petropavlovsk-Kamchatsky, Russia",us,reviewed
us6000qwbb,1753852771235,2025-07-30T05:19:31.235Z,158.7366,51.4188,10.0,5.4,mb,earthquake,"155 km E of Ozernovskiy, Russia",us,reviewed
us6000qwbi,1753853421775,2025-07-30T05:30:21.775Z,159.6812,51.376,10.0,5.4,mb,earthquake,"193 km SSE of Vilyuchinsk, Russia",us,reviewed
us6000qwbm,1753853831686,2025-07-30T05:37:11.686Z,158.7914,51.291,35.987,5.3,mb,earthquake,"161 km E of Ozernovskiy, Russia",us,reviewed
us6000qwc7,1753856489067,2025-07-30T06:21:29.067Z,159.519,51.4757,10.0,5.3,mb,earthquake,"178 km SSE of Vilyuchinsk, Russia",us,reviewed
us6000qwcc,1753856770816,2025-07-30T06:26:10.816Z,159.6566,51.502,10.0,5.2,mb,earthquake,"180 km SSE of Vilyuchinsk, Russia",us,reviewed
us6000qwch,1753857460590,2025-07-30T06:37:40.590Z,157.8615,50.9755,35.0,5.0,mb,earthquake,"111 km ESE of Ozernovskiy, Russia",us,reviewed
us6000qwcx,1753858654905,2025-07-30T06:57:34.905Z,160.3558,52.2029,10.0,5.0,mb,earthquake,"151 km SE of Petropavlovsk-Kamchatsky, Russia",us,reviewed
us6000qwd1,1753859368028,2025-07-30T07:09:28.028Z,157.3086,-57.5127,10.0,5.0,mb,earthquake,Macquarie Island region,us,reviewed
us6000qwd4,1753859729719,2025-07-30T07:15:29.719Z,158.7285,51.3993,18.834,5.0,mb,earthquake,"155 km E of Ozernovskiy, Russia",us,reviewed
us6000qwd6,1753860204227,2025-07-30T07:23:24.227Z,149.1718,44.5994,80.443,5.2,mb,earthquake,"123 km SE of Kuril’sk, Russia",us,reviewed
us6000qwd7,1753860882923,2025-07-30T07:34:42.923Z,156.301,48.8612,10.0,5.6,mb,earthquake,"202 km S of Severo-Kuril’sk, Russia",us,reviewed
us6000qwdi,1753861504227,2025-07-30T07:45:04.227Z,160.7368,52.2962,10.0,5.1,mb,earthquake,"166 km ESE of Petropavlovsk-Kamchatsky, Russia",us,reviewed
us6000qwdk,1753862301418,2025-07-30T07:58:21.418Z,159.6997,51.4181,10.0,5.3,mb,earthquake,"190 km SSE of Vilyuchinsk, Russia",us,reviewed
us6000qwe5,1753864826898,2025-07-30T08:40:26.898Z,155.962,49.6905,66.239,5.0,mb,earthquake,"110 km S of Severo-Kuril’sk, Russia",us,reviewed
us6000qwed,1753865269399,2025-07-30T08:47:49.399Z,160.8273,52.5031,10.0,5.1,mb,earthquake,"161 km ESE of Petropavlovsk-Kamchatsky, Russia",us,reviewed
us6000qweh,1753865585572,2025-07-30T08:53:05.572Z,160.7673,52.3976,10.0,5.0,mb,earthquake,"162 km ESE of Petropavlovsk-Kamchatsky, Russia",us,reviewed
us6000qwes,1753866749439,2025-07-30T09:12:29.439Z,159.2897,51.1493,10.0,5.3,mb,earthquake,"198 km ESE of Ozernovskiy, Russia",us,reviewed
us6000qwex,1753867479757,2025-07-30T09:24:39.757Z,-26.2034,-58.926,126.3,5.5,mb,earthquake,South Sandwich Islands region,us,reviewed
us6000qwfe,1753869373780,2025-07-30T09:56:13.780Z,160.0013,51.6041,10.445,6.1,mwb,earthquake,"183 km SE of Vilyuchinsk, Russia",us,reviewed
us6000r1cz,1753869447860,2025-07-30T09:57:27.860Z,159.6768,51.3138,35.0,5.4,mb,earthquake,"199 km SSE of Vilyuchinsk, Russia",us,reviewed
us6000qwfp,1753870180868,2025-07-30T10:09:40.868Z,160.6111,52.2299,10.0,5.2,mb,earthquake,"163 km SE of Petropavlovsk-Kamchatsky, Russia",us,reviewed
us6000qwft,1753870384356,2025-07-30T10:13:04.356Z,160.366,52.3504,35.0,5.1,mb,earthquake,"141 km SE of Petropavlovsk-Kamchatsky, Russia",us,reviewed
us6000r16d,1753874606522,2025-07-30T11:23:26.522Z,156.0534,48.964,43.397,5.0,mb,earthquake,"190 km S of Severo-Kuril’sk, Russia",us,reviewed
us6000qwgf,1753874797826,2025-07-30T11:26:37.826Z,159.6404,51.566,10.0,5.1,mb,earthquake,"173 km SSE of Vilyuchinsk, Russia",us,reviewed
us6000qwgi,1753875490515,2025-07-30T11:38:10.515Z,158.2388,50.9032,35.0,5.1,mb,earthquake,"138 km ESE of Ozernovskiy, Russia",us,reviewed
us6000qwgt,1753876916077,2025-07-30T12:01:56.077Z,159.0621,51.043,18.614,5.1,mb,earthquake,"185 km ESE of Ozernovskiy, Russia",us,reviewed
us6000qwh6,1753878381452,2025-07-30T12:26:21.452Z,159.1032,51.341,10.0,5.0,mb,earthquake,"181 km E of Ozernovskiy, Russia",us,reviewed
us6000qwhc,1753879483179,2025-07-30T12:44:43.179Z,157.532,49.8985,35.0,5.3,mb,earthquake,"132 km SE of Severo-Kuril’sk, Russia",us,reviewed
us6000qwia,1753884021156,2025-07-30T14:00:21.156Z,160.2758,52.3337,30.306,5.1,mb,earthquake,"137 km SE of Petropavlovsk-Kamchatsky, Russia",us,reviewed
us6000r1a6,1753884094876,2025-07-30T14:01:34.876Z,159.3009,51.7371,10.0,5.1,mb,earthquake,"146 km SSE of Vilyuchinsk, Russia",us,reviewed
us6000qwif,1753885297233,2025-07-30T14:21:37.233Z,159.147,51.1304,31.471,5.1,mb,earthquake,"188 km ESE of Ozernovskiy, Russia",us,reviewed
us6000r1ac,1753885445247,2025-07-30T14:24:05.247Z,159.6258,51.5777,10.0,5.0,mb,earthquake,"172 km SSE of Vilyuchinsk, Russia",us,reviewed
us6000qwim,1753886141582,2025-07-30T14:35:41.582Z,156.1798,48.9896,10.0,5.2,mb,earthquake,"187 km S of Severo-Kuril’sk, Russia",us,reviewed
us6000qwiq,1753886863816,2025-07-30T14:47:43.816Z,157.7699,50.0671,23.309,5.9,mwb,earthquake,"135 km ESE of Severo-Kuril’sk, Russia",us,reviewed
us6000qwiy,1753887445933,2025-07-30T14:57:25.933Z,160.2824,52.0488,35.0,5.2,mb,earthquake,"159 km SE of Petropavlovsk-Kamchatsky, Russia",us,reviewed
us6000qwiz,1753887642526,2025-07-30T15:00:42.526Z,158.0856,50.3387,12.187,5.2,mb,earthquake,"143 km ESE of Severo-Kuril’sk, Russia",us,reviewed
us6000qwj7,1753888622938,2025-07-30T15:17:02.938Z,158.8749,51.0631,35.0,5.2,mb,earthquake,"172 km ESE of Ozernovskiy, Russia",us,reviewed
us6000qwju,1753891272330,2025-07-30T16:01:12.330Z,160.8378,51.8051,10.0,5.2,mb,earthquake,"205 km SE of Petropavlovsk-Kamchatsky, Russia",us,reviewed
us6000qwk1,1753891666668,2025-07-30T16:07:46.668Z,157.2746,49.6696,35.0,6.0,mwb,earthquake,"138 km SE of Severo-Kuril’sk, Russia",us,reviewed
us6000qwlc,1753894032839,2025-07-30T16:47:12.839Z,159.7368,50.4224,10.0,5.7,mb,earthquake,"256 km ESE of Ozernovskiy, Russia",us,reviewed
us6000qwle,1753894654771,2025-07-30T16:57:34.771Z,157.5715,49.8958,10.0,5.6,mb,earthquake,"134 km SE of Severo-Kuril’sk, Russia",us,reviewed
us6000r1bi,1753894782464,2025-07-30T16:59:42.464Z,157.2667,49.9809,35.066,5.1,mb,earthquake,"112 km SE of Severo-Kuril’sk, Russia",us,reviewed
us6000qwli,1753895637772,2025-07-30T17:13:57.772Z,160.728,52.4831,10.0,5.0,mb,earthquake,"155 km ESE of Petropavlovsk-Kamchatsky, Russia",us,reviewed
us6000qwmb,1753896032389,2025-07-30T17:20:32.389Z,159.5689,51.4177,39.035,5.2,mb,earthquake,"186 km SSE of Vilyuchinsk, Russia",us,reviewed
us6000r1fa,1753896063426,2025-07-30T17:21:03.426Z,93.9614,9.3633,40.127,5.0,mb,earthquake,"287 km SSE of Port Blair, India",us,reviewed
us6000qwmy,1753896698205,2025-07-30T17:31:38.205Z,156.6867,49.986,37.494,5.3,mb,earthquake,"86 km SSE of Severo-Kuril’sk, Russia",us,reviewed
us6000qwnd,1753898737893,2025-07-30T18:05:37.893Z,158.5587,51.149,35.0,5.2,mb,earthquake,"148 km ESE of Ozernovskiy, Russia",us,reviewed
us6000qwnj,1753899654834,2025-07-30T18:20:54.834Z,166.3739,-11.4339,67.553,5.0,mb,earthquake,"100 km SE of Lata, Solomon Islands",us,reviewed
us6000qwp4,1753902192033,2025-07-30T19:03:12.033Z,157.2626,50.2829,59.736,5.0,mb,earthquake,"91 km ESE of Severo-Kuril’sk, Russia",us,reviewed
us6000qwp5,1753902520448,2025-07-30T19:08:40.448Z,159.6883,51.3983,10.0,5.3,mb,earthquake,"191 km SSE of Vilyuchinsk, Russia",us,reviewed
us6000qwpj,1753904947256,2025-07-30T19:49:07.256Z,159.7874,51.6657,10.0,5.2,mb,earthquake,"169 km SSE of Vilyuchinsk, Russia",us,reviewed
us6000qwps,1753905741797,2025-07-30T20:02:21.797Z,159.7305,52.1538,38.226,5.0,mb,earthquake,"124 km SE of Vilyuchinsk, Russia",us,reviewed
us6000qwq0,1753907093921,2025-07-30T20:24:53.921Z,161.4418,52.1653,10.0,5.0,mb,earthquake,"215 km ESE of Petropavlovsk-Kamchatsky, Russia",us,reviewed
us6000qwqe,1753908700099,2025-07-30T20:51:40.099Z,156.3752,48.9197,10.0,5.1,mb,earthquake,"196 km S of Severo-Kuril’sk, Russia",us,reviewed
us6000qwqm,1753909981237,2025-07-30T21:13:01.237Z,158.6625,49.4969,10.0,5.6,mww,earthquake,"223 km SE of Severo-Kuril’sk, Russia",us,reviewed
us6000qwqs,1753910082256,2025-07-30T21:14:42.256Z,157.5188,50.0368,33.667,5.3,mb,earthquake,"121 km SE of Severo-Kuril’sk, Russia",us,reviewed
us6000qwqr,1753911153454,2025-07-30T21:32:33.454Z,157.3473,49.9908,10.0,5.2,mb,earthquake,"115 km SE of Severo-Kuril’sk, Russia",us,reviewed
us6000qwqx,1753912236174,2025-07-30T21:50:36.174Z,160.998,52.4865,25.289,5.1,mb,earthquake,"172 km ESE of Petropavlovsk-Kamchatsky, Russia",us,reviewed
us6000qwr5,1753912271837,2025-07-30T21:51:11.837Z,160.2649,52.2321,17.0,5.7,mwb,earthquake,"144 km SE of Petropavlovsk-Kamchatsky, Russia",us,reviewed
us6000r1h3,1753912340580,2025-07-30T21:52:20.580Z,160.2948,52.7157,35.0,5.1,mb,earthquake,"118 km ESE of Petropavlovsk-Kamchatsky, Russia",us,reviewed
us6000qwri,1753915700133,2025-07-30T22:48:20.133Z,160.5016,52.1981,25.366,5.1,mb,earthquake,"159 km SE of Petropavlovsk-Kamchatsky, Russia",us,reviewed
us6000qwrs,1753917330093,2025-07-30T23:15:30.093Z,160.7681,52.4118,10.0,5.8,mwb,earthquake,"161 km ESE of Petropavlovsk-Kamchatsky, Russia",us,reviewed
us6000r1cg,1753917440560,2025-07-30T23:17:20.560Z,159.4998,51.5494,35.0,5.0,mb,earthquake,"170 km SSE of Vilyuchinsk, Russia",us,reviewed
us6000qwrv,1753917637802,2025-07-30T23:20:37.802Z,158.2996,49.8937,10.0,5.0,mb,earthquake,"177 km ESE of Severo-Kuril’sk, Russia",us,reviewed
us6000qwrw,1753918040829,2025-07-30T23:27:20.829Z,158.2756,49.9828,10.0,5.0,mb,earthquake,"171 km ESE of Severo-Kuril’sk, Russia",us,reviewed
us6000qws9,1753920403115,2025-07-31T00:06:43.115Z,157.9862,50.6683,29.132,5.0,mb,earthquake,"131 km E of Severo-Kuril’sk, Russia",us,reviewed
us6000qwsa,1753920738863,2025-07-31T00:12:18.863Z,159.1619,51.1923,6.043,5.0,mb,earthquake,"188 km ESE of Ozernovskiy, Russia",us,reviewed
us6000qwt5,1753928957015,2025-07-31T02:29:17.015Z,156.0997,49.8646,52.814,5.1,mb,earthquake,"90 km S of Severo-Kuril’sk, Russia",us,reviewed
us6000qwtd,1753929483744,2025-07-31T02:38:03.744Z,160.0855,51.7884,10.0,5.3,mb,earthquake,"171 km SE of Vilyuchinsk, Russia",us,reviewed
us6000qwu5,1753934895878,2025-07-31T04:08:15.878Z,159.3951,51.4375,10.0,5.0,mb,earthquake,"179 km SSE of Vilyuchinsk, Russia",us,reviewed
us6000qwuh,1753939634789,2025-07-31T05:27:14.789Z,158.6499,49.5,15.0,6.2,mww,earthquake,"222 km SE of Severo-Kuril’sk, Russia",us,reviewed
us6000r2f0,1753939885745,2025-07-31T05:31:25.745Z,160.6055,52.6604,48.152,5.6,mb,earthquake,"140 km ESE of Petropavlovsk-Kamchatsky, Russia",us,reviewed
us6000qwul,1753941617781,2025-07-31T06:00:17.781Z,161.1066,52.8728,10.0,5.0,mb,earthquake,"167 km E of Petropavlovsk-Kamchatsky, Russia",us,reviewed
us6000qwut,1753944572183,2025-07-31T06:49:32.183Z,178.8971,-23.4049,565.388,5.1,mb,earthquake,south of the Fiji Islands,us,reviewed
us6000qwuv,1753944697683,2025-07-31T06:51:37.683Z,156.4616,49.7989,36.975,5.4,mb,earthquake,"100 km SSE of Severo-Kuril’sk, Russia",us,reviewed
us6000qwv0,1753945186928,2025-07-31T06:59:46.928Z,158.9161,52.5372,72.361,5.2,mb,earthquake,"55 km SE of Vilyuchinsk, Russia",us,reviewed
us6000qwv7,1753946500786,2025-07-31T07:21:40.786Z,157.8044,49.2208,10.0,5.2,mb,earthquake,"201 km SE of Severo-Kuril’sk, Russia",us,reviewed
us6000qwvb,1753947762827,2025-07-31T07:42:42.827Z,157.4706,49.871,43.871,5.5,mb,earthquake,"131 km SE of Severo-Kuril’sk, Russia",us,reviewed
usd0013iej,1753953054179,2025-07-31T09:10:54.179Z,160.3445,51.8554,10.0,5.2,mb,earthquake,"178 km SE of Petropavlovsk-Kamchatsky, Russia",us,reviewed
usd0013ifb,1753963197482,2025-07-31T11:59:57.482Z,156.7439,49.5558,43.16,5.2,mb,earthquake,"132 km SSE of Severo-Kuril’sk, Russia",us,reviewed
usd0013ifi,1753965616937,2025-07-31T12:40:16.937Z,159.5,50.6982,10.0,5.1,mb,earthquake,"228 km ESE of Ozernovskiy, Russia",us,reviewed
usd0013ifp,1753966873295,2025-07-31T13:01:13.295Z,155.205,48.2579,28.891,5.2,mb,earthquake,"277 km SSW of Severo-Kuril’sk, Russia",us,reviewed
us6000qwxr,1753969147577,2025-07-31T13:39:07.577Z,160.6254,52.3254,10.0,5.4,mb,earthquake,"158 km ESE of Petropavlovsk-Kamchatsky, Russia",us,reviewed
us6000qwxy,1753971111507,2025-07-31T14:11:51.507Z,156.9345,50.1343,51.578,5.0,mb,earthquake,"83 km SE of Severo-Kuril’sk, Russia",us,reviewed
us6000qwy5,1753972165779,2025-07-31T14:29:25.779Z,159.8305,51.7307,35.0,5.2,mb,earthquake,"165 km SE of Vilyuchinsk, Russia",us,reviewed
us6000qwy7,1753972491979,2025-07-31T14:34:51.979Z,159.8294,51.587,10.0,5.2,mww,earthquake,"178 km SSE of Vilyuchinsk, Russia",us,reviewed
us6000qwyk,1753973744390,2025-07-31T14:55:44.390Z,-73.2825,73.9754,10.0,5.0,mww,earthquake,"206 km NE of Pond Inlet, Canada",us,reviewed
us6000qwzh,1753980059719,2025-07-31T16:40:59.719Z,159.6286,51.4654,28.466,5.1,mb,earthquake,"183 km SSE of Vilyuchinsk, Russia",us,reviewed
us6000qx06,1753984372350,2025-07-31T17:52:52.350Z,159.6614,51.6612,22.799,5.0,mb,earthquake,"165 km SSE of Vilyuchinsk, Russia",us,reviewed
us6000qx17,1753987260216,2025-07-31T18:41:00.216Z,159.557,51.545,35.0,5.1,mb,earthquake,"173 km SSE of Vilyuchinsk, Russia",us,reviewed
us6000qx2r,1753994163253,2025-07-31T20:36:03.253Z,160.9806,52.5859,14.0,5.7,mww,earthquake,"167 km ESE of Petropavlovsk-Kamchatsky, Russia",us,reviewed
us6000qx2v,1753995584794,2025-07-31T20:59:44.794Z,157.0087,50.7666,66.596,5.0,mb,earthquake,"63 km E of Severo-Kuril’sk, Russia",us,reviewed
us6000qx3x,1754000004474,2025-07-31T22:13:24.474Z,123.1429,-0.1296,125.43,5.0,mb,earthquake,"74 km S of Gorontalo, Indonesia",us,reviewed
us6000qx52,1754010017653,2025-08-01T01:00:17.653Z,161.1811,52.6353,10.0,5.0,mb,earthquake,"178 km ESE of Petropavlovsk-Kamchatsky, Russia",us,reviewed
us6000qx6a,1754012197158,2025-08-01T01:36:37.158Z,161.3826,52.811,10.0,5.4,mww,earthquake,"187 km E of Petropavlovsk-Kamchatsky, Russia",us,reviewed
us6000qx6h,1754013201540,2025-08-01T01:53:21.540Z,157.4532,50.0516,35.0,5.1,mb,earthquake,"117 km SE of Severo-Kuril’sk, Russia",us,reviewed
us6000qx6r,1754016535792,2025-08-01T02:48:55.792Z,158.3841,51.0719,35.0,5.1,mb,earthquake,"139 km ESE of Ozernovskiy, Russia",us,reviewed
us6000qx72,1754019583467,2025-08-01T03:39:43.467Z,160.2269,51.8377,10.0,5.3,mww,earthquake,"173 km SE of Vilyuchinsk, Russia",us,reviewed
us6000qx7i,1754024537490,2025-08-01T05:02:17.490Z,159.6239,51.1538,10.0,5.0,mb,earthquake,"214 km SSE of Vilyuchinsk, Russia",us,reviewed
us6000qx7j,1754024811172,2025-08-01T05:06:51.172Z,157.4251,48.6211,10.0,5.0,mb,earthquake,"246 km SSE of Severo-Kuril’sk, Russia",us,reviewed
us6000qx85,1754034251420,2025-08-01T07:44:11.420Z,160.4217,51.7662,10.0,5.3,mb,earthquake,"188 km SE of Vilyuchinsk, Russia",us,reviewed
us6000qx8j,1754037118279,2025-08-01T08:31:58.279Z,158.5035,51.2305,43.097,5.1,mb,earthquake,"142 km ESE of Ozernovskiy, Russia",us,reviewed
us6000qx8k,1754037265369,2025-08-01T08:34:25.369Z,160.146,52.8059,28.0,5.7,mww,earthquake,"106 km ESE of Petropavlovsk-Kamchatsky, Russia",us,reviewed
us6000qx8w,1754041517310,2025-08-01T09:45:17.310Z,159.8844,51.3801,10.0,5.0,mb,earthquake,"200 km SSE of Vilyuchinsk, Russia",us,reviewed
us6000qx98,1754045698030,2025-08-01T10:54:58.030Z,157.8481,50.527,23.0,5.7,mww,earthquake,"122 km E of Severo-Kuril’sk, Russia",us,reviewed
us6000qx9e,1754045998080,2025-08-01T10:59:58.080Z,159.4509,50.0007,10.0,5.1,mb,earthquake,"248 km ESE of Severo-Kuril’sk, Russia",us,reviewed
us6000qx9r,1754049443128,2025-08-01T11:57:23.128Z,160.0431,51.7269,19.0,5.9,mww,earthquake,"174 km SE of Vilyuchinsk, Russia",us,reviewed
us6000qx9t,1754049728871,2025-08-01T12:02:08.871Z,160.7463,52.4567,10.0,5.4,mb,earthquake,"158 km ESE of Petropavlovsk-Kamchatsky, Russia",us,reviewed
us6000qxa2,1754051976587,2025-08-01T12:39:36.587Z,160.1081,51.8609,10.0,5.3,mb,earthquake,"166 km SE of Vilyuchinsk, Russia",us,reviewed
us6000qxa9,1754054794937,2025-08-01T13:26:34.937Z,158.2612,51.1622,35.0,5.0,mb,earthquake,"128 km ESE of Ozernovskiy, Russia",us,reviewed
us6000qxae,1754055854297,2025-08-01T13:44:14.297Z,158.3749,51.9877,23.0,5.6,mww,earthquake,"104 km S of Vilyuchinsk, Russia",us,reviewed
us6000qxfn,1754072445177,2025-08-01T18:20:45.177Z,159.0659,50.2099,10.0,6.1,mww,earthquake,"215 km ESE of Severo-Kuril’sk, Russia",us,reviewed
us6000r36c,1754072634613,2025-08-01T18:23:54.613Z,158.8164,50.3762,10.0,5.3,mb,earthquake,"193 km E of Severo-Kuril’sk, Russia",us,reviewed
us6000qxgh,1754072887260,2025-08-01T18:28:07.260Z,160.6079,52.2305,10.0,5.0,mb,earthquake,"162 km SE of Petropavlovsk-Kamchatsky, Russia",us,reviewed
us6000qxga,1754074316694,2025-08-01T18:51:56.694Z,160.7756,52.2865,10.0,5.0,mb,earthquake,"169 km ESE of Petropavlovsk-Kamchatsky, Russia",us,reviewed
us6000qxgb,1754074390397,2025-08-01T18:53:10.397Z,161.4392,52.7977,10.0,5.5,mb,earthquake,"191 km E of Petropavlovsk-Kamchatsky, Russia",us,reviewed
us6000r35h,1754074522372,2025-08-01T18:55:22.372Z,159.0513,50.173,10.0,5.2,mb,earthquake,"215 km ESE of Severo-Kuril’sk, Russia",us,reviewed
us6000qxhm,1754078877447,2025-08-01T20:07:57.447Z,156.3237,50.4968,88.462,5.4,mww,earthquake,"24 km SE of Severo-Kuril’sk, Russia",us,reviewed
us6000qxi9,1754078892598,2025-08-01T20:08:12.598Z,156.3974,50.4404,79.264,5.6,mb,earthquake,"32 km SE of Severo-Kuril’sk, Russia",us,reviewed
us6000qxie,1754080344025,2025-08-01T20:32:24.025Z,158.8,51.0181,35.0,5.0,mb,earthquake,"169 km ESE of Ozernovskiy, Russia",us,reviewed
us6000qxit,1754082214937,2025-08-01T21:03:34.937Z,70.0486,36.0467,120.208,5.0,mww,earthquake,"60 km SSE of Farkhār, Afghanistan",us,reviewed
us6000qxj2,1754085782263,2025-08-01T22:03:02.263Z,160.2698,52.1037,10.0,5.4,mww,earthquake,"154 km SE of Petropavlovsk-Kamchatsky, Russia",us,reviewed
us6000qxja,1754087257276,2025-08-01T22:27:37.276Z,145.5206,42.3163,25.169,5.4,mww,earthquake,"96 km SE of Akkeshi, Japan",us,reviewed
us6000qxjc,1754087355586,2025-08-01T22:29:15.586Z,160.7874,52.1725,10.0,5.0,mb,earthquake,"176 km SE of Petropavlovsk-Kamchatsky, Russia",us,reviewed
us6000qxjg,1754088690380,2025-08-01T22:51:30.380Z,160.7421,52.2516,10.0,5.1,mb,earthquake,"169 km ESE of Petropavlovsk-Kamchatsky, Russia",us,reviewed
us6000qxme,1754132762190,2025-08-02T11:06:02.190Z,159.6045,51.5932,28.403,5.4,mww,earthquake,"169 km SSE of Vilyuchinsk, Russia",us,reviewed
us6000qxn6,1754144043328,2025-08-02T14:14:03.328Z,159.4631,51.5911,17.0,6.0,mww,earthquake,"165 km SSE of Vilyuchinsk, Russia",us,reviewed
us6000qxna,1754144325900,2025-08-02T14:18:45.900Z,159.5993,51.638,10.0,5.2,mb,earthquake,"165 km SSE of Vilyuchinsk, Russia",us,reviewed
us6000qxnx,1754152885242,2025-08-02T16:41:25.242Z,-23.8103,37.446,10.0,5.2,mww,earthquake,"125 km ESE of Senhora do Rosário, Portugal",us,reviewed
us6000qxp3,1754155226494,2025-08-02T17:20:26.494Z,157.2812,50.1751,55.875,5.0,mww,earthquake,"99 km SE of Severo-Kuril’sk, Russia",us,reviewed
us6000qxpd,1754157525419,2025-08-02T17:58:45.419Z,-96.2645,17.1124,62.566,5.8,mww,earthquake,"4 km S of Xagacía, Mexico",us,reviewed
us6000qxqy,1754169111249,2025-08-02T21:11:51.249Z,159.0612,50.1947,10.0,5.1,mb,earthquake,"215 km ESE of Severo-Kuril’sk, Russia",us,reviewed
us6000qxrx,1754179800125,2025-08-03T00:10:00.125Z,158.4395,50.3078,25.262,5.0,mb,earthquake,"169 km ESE of Severo-Kuril’sk, Russia",us,reviewed
us6000qxsd,1754187977530,2025-08-03T02:26:17.530Z,-127.8359,-55.3641,10.0,5.8,mww,earthquake,Pacific-Antarctic Ridge,us,reviewed
us6000qxsm,1754193686949,2025-08-03T04:01:26.949Z,158.8847,50.1621,10.0,5.1,mb,earthquake,"204 km ESE of Severo-Kuril’sk, Russia",us,reviewed
us6000qxsv,1754197030505,2025-08-03T04:57:10.505Z,-128.6508,-55.2284,10.0,6.3,mww,earthquake,Pacific-Antarctic Ridge,us,reviewed
us6000qxt4,1754199475148,2025-08-03T05:37:55.148Z,157.8643,50.5853,30.0,6.8,mww,earthquake,"123 km E of Severo-Kuril’sk, Russia",us,reviewed
us6000qxuq,1754221372497,2025-08-03T11:42:52.497Z,-71.2911,-9.183,481.669,5.0,mb,earthquake,"126 km SSW of Tarauacá, Brazil",us,reviewed
us6000qxv6,1754224698099,2025-08-03T12:38:18.099Z,158.9868,50.2859,10.0,5.1,mww,earthquake,"207 km ESE of Severo-Kuril’sk, Russia",us,reviewed
us6000qxv7,1754224711661,2025-08-03T12:38:31.661Z,158.9038,50.4204,10.0,5.0,mww,earthquake,"198 km E of Severo-Kuril’sk, Russia",us,reviewed
us6000qxva,1754227521996,2025-08-03T13:25:21.996Z,159.0682,50.3111,10.0,5.2,mb,earthquake,"212 km ESE of Severo-Kuril’sk, Russia",us,reviewed
us6000qxvr,1754231205416,2025-08-03T14:26:45.416Z,160.6912,52.4283,10.0,5.6,mww,earthquake,"156 km ESE of Petropavlovsk-Kamchatsky, Russia",us,reviewed
us6000qxvy,1754231369264,2025-08-03T14:29:29.264Z,160.7572,52.3341,10.0,5.2,mb,earthquake,"165 km ESE of Petropavlovsk-Kamchatsky, Russia",us,reviewed
us6000qxw9,1754236085438,2025-08-03T15:48:05.438Z,115.9829,-47.7857,10.0,5.4,mww,earthquake,western Indian-Antarctic Ridge,us,reviewed
us6000qxxc,1754244453204,2025-08-03T18:07:33.204Z,160.6678,52.4978,9.0,5.6,mww,earthquake,"151 km ESE of Petropavlovsk-Kamchatsky, Russia",us,reviewed
us6000qxxf,1754245137247,2025-08-03T18:18:57.247Z,159.8475,51.7915,22.905,5.1,mb,earthquake,"160 km SE of Vilyuchinsk, Russia",us,reviewed
us6000qxxr,1754249230456,2025-08-03T19:27:10.456Z,160.5927,52.1311,17.191,5.1,mb,earthquake,"168 km SE of Petropavlovsk-Kamchatsky, Russia",us,reviewed
us6000qxxt,1754249881588,2025-08-03T19:38:01.588Z,159.5352,51.5651,10.0,5.1,mb,earthquake,"170 km SSE of Vilyuchinsk, Russia",us,reviewed
us6000qxxv,1754250459298,2025-08-03T19:47:39.298Z,159.539,50.0186,10.0,5.1,mb,earthquake,"253 km ESE of Severo-Kuril’sk, Russia",us,reviewed
us6000qxxz,1754251729569,2025-08-03T20:08:49.569Z,157.1438,49.9629,40.505,5.1,mb,earthquake,"107 km SE of Severo-Kuril’sk, Russia",us,reviewed
us6000qxyc,1754256120476,2025-08-03T21:22:00.476Z,160.4179,52.4126,10.0,5.0,mb,earthquake,"140 km ESE of Petropavlovsk-Kamchatsky, Russia",us,reviewed
us6000qxyg,1754258109933,2025-08-03T21:55:09.933Z,155.4251,48.8347,35.0,5.1,mww,earthquake,"210 km SSW of Severo-Kuril’sk, Russia",us,reviewed
us6000qxz1,1754268265496,2025-08-04T00:44:25.496Z,158.3929,51.8584,75.698,5.1,mww,earthquake,"119 km S of Vilyuchinsk, Russia",us,reviewed
us6000qxzr,1754278571284,2025-08-04T03:36:11.284Z,159.8638,51.9812,10.0,5.0,mb,earthquake,"144 km SE of Vilyuchinsk, Russia",us,reviewed
us6000qxzt,1754279662142,2025-08-04T03:54:22.142Z,159.8465,-8.8943,78.842,5.0,mb,earthquake,"40 km NW of Tulagi, Solomon Islands",us,reviewed
us6000qxzw,1754281254562,2025-08-04T04:20:54.562Z,156.3666,48.8586,16.0,6.2,mww,earthquake,"202 km S of Severo-Kuril’sk, Russia",us,reviewed
us6000qy0d,1754290115755,2025-08-04T06:48:35.755Z,156.7144,49.6295,38.78,5.0,mb,earthquake,"123 km SSE of Severo-Kuril’sk, Russia",us,reviewed
us6000qy2e,1754325971384,2025-08-04T16:46:11.384Z,156.2726,49.0982,10.0,5.2,mww,earthquake,"175 km S of Severo-Kuril’sk, Russia",us,reviewed
us6000qy3s,1754341580379,2025-08-04T21:06:20.379Z,158.3137,50.9847,35.0,5.0,mww,earthquake,"138 km ESE of Ozernovskiy, Russia",us,reviewed
us6000qy4s,1754358455974,2025-08-05T01:47:35.974Z,160.1579,52.2569,21.714,5.1,mb,earthquake,"137 km SE of Petropavlovsk-Kamchatsky, Russia",us,reviewed
us6000qy67,1754365765283,2025-08-05T03:49:25.283Z,5.4974,-54.3952,10.0,5.0,mb,earthquake,Bouvet Island region,us,reviewed
us6000qy6g,1754370407092,2025-08-05T05:06:47.092Z,59.0117,28.0709,76.745,5.6,mww,earthquake,"131 km SSE of Bam, Iran",us,reviewed
pr2025217000,1754385831280,2025-08-05T09:23:51.280Z,-68.3226,18.1665,168.0,5.7,ml,earthquake,"38 km SE of Boca de Yuma, Dominican Republic",pr,reviewed
us6000qy83,1754388951842,2025-08-05T10:15:51.842Z,160.0691,49.6341,10.0,5.0,mb,earthquake,east of the Kuril Islands,us,reviewed
us6000qy97,1754401449731,2025-08-05T13:44:09.731Z,72.6422,41.3637,10.0,5.1,mb,earthquake,"33 km N of Massy, Kyrgyzstan",us,reviewed
us7000qrpp,1754430291938,2025-08-05T21:44:51.938Z,160.4024,52.2394,10.0,5.1,mb,earthquake,"151 km SE of Petropavlovsk-Kamchatsky, Russia",us,reviewed
us6000qyf1,1754430340981,2025-08-05T21:45:40.981Z,160.4302,52.3552,10.0,5.2,mb,earthquake,"145 km ESE of Petropavlovsk-Kamchatsky, Russia",us,reviewed
us6000qyfq,1754441800452,2025-08-06T00:56:40.452Z,128.1353,27.9779,10.0,5.0,mww,earthquake,"77 km WNW of Amagi, Japan",us,reviewed
us6000qygj,1754456487220,2025-08-06T05:01:27.220Z,158.798,49.9407,10.0,5.1,mww,earthquake,"207 km ESE of Severo-Kuril’sk, Russia",us,reviewed
us6000qyh2,1754462179025,2025-08-06T06:36:19.025Z,159.752,51.582,10.0,5.2,mww,earthquake,"176 km SSE of Vilyuchinsk, Russia",us,reviewed
us6000qykf,1754476508011,2025-08-06T10:35:08.011Z,159.448,51.5638,16.0,5.8,mww,earthquake,"167 km SSE of Vilyuchinsk, Russia",us,reviewed
us6000qyki,1754476991088,2025-08-06T10:43:11.088Z,159.6929,51.4249,10.0,5.5,mww,earthquake,"189 km SSE of Vilyuchinsk, Russia",us,reviewed
us6000qyqz,1754518099782,2025-08-06T22:08:19.782Z,-173.8574,-19.5149,35.0,5.3,mww,earthquake,"55 km ENE of Fangale’ounga, Tonga",us,reviewed
us6000qyr9,1754522813285,2025-08-06T23:26:53.285Z,-16.2286,-46.031,10.0,5.0,mb,earthquake,southern Mid-Atlantic Ridge,us,reviewed
us6000qys2,1754532765129,2025-08-07T02:12:45.129Z,-83.9195,-41.7988,10.0,5.3,mb,earthquake,West Chile Rise,us,reviewed
us6000qyt7,1754552705200,2025-08-07T07:45:05.200Z,122.9664,24.6133,113.505,5.5,mww,earthquake,"16 km NNW of Yonakuni, Japan",us,reviewed
us6000qytl,1754557236086,2025-08-07T09:00:36.086Z,159.4237,51.7733,10.0,5.2,mb,earthquake,"146 km SSE of Vilyuchinsk, Russia",us,reviewed
us6000qywa,1754580539818,2025-08-07T15:28:59.818Z,98.9615,1.3202,95.873,5.0,mww,earthquake,"35 km W of Padangsidempuan, Indonesia",us,reviewed
us6000qywk,1754584439672,2025-08-07T16:33:59.672Z,152.9274,-4.2241,19.0,5.9,mww,earthquake,"74 km E of Kokopo, Papua New Guinea",us,reviewed
us6000qyye,1754591736894,2025-08-07T18:35:36.894Z,159.4975,50.1257,10.0,5.0,mb,earthquake,"247 km ESE of Severo-Kuril’sk, Russia",us,reviewed
us6000qyzg,1754604460814,2025-08-07T22:07:40.814Z,158.8244,50.4277,10.0,5.1,mb,earthquake,"193 km E of Severo-Kuril’sk, Russia",us,reviewed
us6000qz20,1754638704824,2025-08-08T07:38:24.824Z,35.0991,-4.9991,10.0,5.0,mww,earthquake,"24 km E of Mungaa, Tanzania",us,reviewed
us6000qz2v,1754655733517,2025-08-08T12:22:13.517Z,127.1031,1.7903,108.684,5.0,mww,earthquake,"101 km W of Tobelo, Indonesia",us,reviewed
us6000qz30,1754658305192,2025-08-08T13:05:05.192Z,158.3349,52.1322,84.63,5.0,mb,earthquake,"89 km S of Vilyuchinsk, Russia",us,reviewed
us6000qz82,1754683110615,2025-08-08T19:58:30.615Z,159.8513,52.895,65.03,5.0,mb,earthquake,"84 km ESE of Petropavlovsk-Kamchatsky, Russia",us,reviewed
us6000qz8m,1754690720355,2025-08-08T22:05:20.355Z,159.8232,51.6622,22.555,5.0,mww,earthquake,"171 km SE of Vilyuchinsk, Russia",us,reviewed
us6000qz8x,1754694719945,2025-08-08T23:11:59.945Z,156.4834,51.3717,10.0,5.0,mb,earthquake,"13 km S of Ozernovskiy, Russia",us,reviewed
us6000qzfb,1754722349899,2025-08-09T06:52:29.899Z,155.8277,49.8277,75.365,5.0,mww,earthquake,"96 km SSW of Severo-Kuril’sk, Russia",us,reviewed
us6000qzfl,1754726501017,2025-08-09T08:01:41.017Z,158.181,51.77,70.157,5.0,mww,earthquake,"120 km ENE of Ozernovskiy, Russia",us,reviewed
us6000qzg3,1754732453152,2025-08-09T09:40:53.152Z,160.298,52.3265,20.77,5.0,mb,earthquake,"139 km SE of Petropavlovsk-Kamchatsky, Russia",us,reviewed
us6000qzgj,1754739185494,2025-08-09T11:33:05.494Z,126.6036,6.1475,97.714,5.1,mww,earthquake,"52 km ESE of Pondaguitan, Philippines",us,reviewed
us6000qzh9,1754748247171,2025-08-09T14:04:07.171Z,159.7364,50.0723,11.0,6.0,mww,earthquake,"265 km ESE of Severo-Kuril’sk, Russia",us,reviewed
us6000qzin,1754772057876,2025-08-09T20:40:57.876Z,-92.3994,13.48,9.0,5.9,mww,earthquake,"104 km SSW of Champerico, Guatemala",us,reviewed
us6000qzki,1754801809867,2025-08-10T04:56:49.867Z,145.6375,12.9438,16.0,5.9,mww,earthquake,"103 km ESE of Inarajan Village, Guam",us,reviewed
us6000qzkp,1754805449362,2025-08-10T05:57:29.362Z,145.4727,12.9896,10.0,5.2,mww,earthquake,"84 km ESE of Inarajan Village, Guam",us,reviewed
us6000qzkx,1754809175135,2025-08-10T06:59:35.135Z,159.7189,51.4556,13.929,5.1,mww,earthquake,"187 km SSE of Vilyuchinsk, Russia",us,reviewed
us6000qzli,1754818157072,2025-08-10T09:29:17.072Z,160.4049,52.2235,35.0,5.0,mb,earthquake,"152 km SE of Petropavlovsk-Kamchatsky, Russia",us,reviewed
us6000qzls,1754824758553,2025-08-10T11:19:18.553Z,157.4768,51.3452,75.036,5.0,mww,earthquake,"69 km ESE of Ozernovskiy, Russia",us,reviewed
us6000qzn9,1754843764267,2025-08-10T16:36:04.267Z,-175.4953,-20.7152,10.0,5.0,mb,earthquake,"54 km NNW of Houma, Tonga",us,reviewed
us6000qznb,1754844827260,2025-08-10T16:53:47.260Z,28.0168,39.3709,10.0,6.1,mww,earthquake,"10 km WSW of Bigadiç, Turkey",us,reviewed
us6000qzqm,1754878301171,2025-08-11T02:11:41.171Z,120.5286,-9.7631,81.43,5.0,mb,earthquake,"31 km ESE of Waingapu, Indonesia",us,reviewed
us6000qzqn,1754878859773,2025-08-11T02:20:59.773Z,-94.3855,14.8228,9.0,5.8,mww,earthquake,"138 km SW of Manuel Ávila Camacho (Ponte Duro), Mexico",us,reviewed
us6000qzrg,1754894260608,2025-08-11T06:37:40.608Z,-174.0509,-16.7618,130.154,5.1,mb,earthquake,"93 km SSW of Hihifo, Tonga",us,reviewed
us6000qzsp,1754913913675,2025-08-11T12:05:13.675Z,160.3175,51.7801,16.638,5.0,mww,earthquake,"182 km SE of Vilyuchinsk, Russia",us,reviewed
us6000qzuk,1754933133995,2025-08-11T17:25:33.995Z,156.9744,50.2311,42.7,5.0,mww,earthquake,"77 km SE of Severo-Kuril’sk, Russia",us,reviewed
us6000qzz1,1754946158654,2025-08-11T21:02:38.654Z,159.7614,51.6145,10.0,5.0,mb,earthquake,"173 km SSE of Vilyuchinsk, Russia",us,reviewed
us6000r00b,1754964850141,2025-08-12T02:14:10.141Z,123.2841,0.4341,273.874,5.2,mww,earthquake,"27 km ESE of Gorontalo, Indonesia",us,reviewed
us6000r00x,1754975311126,2025-08-12T05:08:31.126Z,126.1455,5.5785,137.859,5.3,mww,earthquake,"67 km SE of Caburan, Philippines",us,reviewed
us6000r01m,1754987063409,2025-08-12T08:24:23.409Z,138.966,-2.0302,14.0,6.3,mww,earthquake,"195 km WNW of Abepura, Indonesia",us,reviewed
us6000r02g,1754989873041,2025-08-12T09:11:13.041Z,144.7893,42.2972,35.0,5.4,mww,earthquake,"82 km S of Akkeshi, Japan",us,reviewed
us6000r02m,1754991806431,2025-08-12T09:43:26.431Z,139.1764,-2.1151,10.0,5.0,mb,earthquake,"170 km WNW of Abepura, Indonesia",us,reviewed
us6000r03i,1755006088882,2025-08-12T13:41:28.882Z,-173.3285,-15.2362,36.0,5.6,mww,earthquake,"93 km NNE of Hihifo, Tonga",us,reviewed
us6000r04e,1755015710662,2025-08-12T16:21:50.662Z,125.2616,-6.8616,524.126,5.4,mww,earthquake,"190 km N of Dili, Timor Leste",us,reviewed
us6000r06w,1755030240688,2025-08-12T20:24:00.688Z,159.1634,50.3131,10.429,5.1,mww,earthquake,"219 km ESE of Severo-Kuril’sk, Russia",us,reviewed
us6000r08a,1755046474154,2025-08-13T00:54:34.154Z,-78.9696,-8.9291,68.021,5.0,mww,earthquake,"36 km W of Puerto Santa, Peru",us,reviewed
us6000r09w,1755067082353,2025-08-13T06:38:02.353Z,160.429,52.1001,10.0,5.1,mww,earthquake,"162 km SE of Petropavlovsk-Kamchatsky, Russia",us,reviewed
us6000r0aj,1755072432597,2025-08-13T08:07:12.597Z,131.2815,-5.3713,61.865,5.0,mb,earthquake,"165 km W of Tual, Indonesia",us,reviewed
us6000r0az,1755077025508,2025-08-13T09:23:45.508Z,145.8602,13.063,10.0,5.0,mb,earthquake,"117 km ESE of Yigo Village, Guam",us,reviewed
us6000r0bl,1755085230051,2025-08-13T11:40:30.051Z,159.9403,51.3828,10.0,5.2,mww,earthquake,"201 km SSE of Vilyuchinsk, Russia",us,reviewed
us6000r0dl,1755103556006,2025-08-13T16:45:56.006Z,125.5481,1.1085,73.358,5.3,mww,earthquake,"59 km SE of Bitung, Indonesia",us,reviewed
us6000r0l4,1755146296447,2025-08-14T04:38:16.447Z,-172.5723,-18.4141,24.0,5.6,mww,earthquake,"151 km E of Neiafu, Tonga",us,reviewed
us6000r0sa,1755188554235,2025-08-14T16:22:34.235Z,166.2048,-11.6933,44.99,6.3,mww,earthquake,"115 km SSE of Lata, Solomon Islands",us,reviewed
us6000r0sb,1755190016759,2025-08-14T16:46:56.759Z,155.8336,49.746,57.438,5.0,mb,earthquake,"105 km SSW of Severo-Kuril’sk, Russia",us,reviewed
us6000r0sy,1755194455356,2025-08-14T18:00:55.356Z,-170.0196,51.8539,10.0,5.2,mww,earthquake,"144 km SSW of Nikolski, Alaska",us,reviewed
us6000r0ul,1755208322251,2025-08-14T21:52:02.251Z,156.1823,49.795,64.353,5.0,mww,earthquake,"98 km S of Severo-Kuril’sk, Russia",us,reviewed
us6000r0y7,1755242070521,2025-08-15T07:14:30.521Z,177.8542,-65.0002,10.0,5.4,mww,earthquake,Balleny Islands region,us,reviewed
us6000r0yd,1755252712133,2025-08-15T10:11:52.133Z,159.9421,52.7866,43.0,5.7,mww,earthquake,"93 km ESE of Petropavlovsk-Kamchatsky, Russia",us,reviewed
us6000r0zd,1755273017341,2025-08-15T15:50:17.341Z,153.9083,45.6571,10.0,5.1,mww,earthquake,east of the Kuril Islands,us,reviewed
us6000r1vi,1755331536379,2025-08-16T08:05:36.379Z,78.0637,-38.8752,10.0,5.4,mww,earthquake,Mid-Indian Ridge,us,reviewed
us6000r1l5,1755346104075,2025-08-16T12:08:24.075Z,170.8077,-23.1833,11.0,5.6,mww,earthquake,southeast of the Loyalty Islands,us,reviewed
us6000r1mt,1755378794873,2025-08-16T21:13:14.873Z,131.811,32.0131,30.0,5.5,mww,earthquake,"32 km ESE of Takanabe, Japan",us,reviewed
us6000r1n3,1755383932030,2025-08-16T22:38:52.030Z,120.7206,-1.2749,8.0,5.8,mww,earthquake,"13 km NNW of Poso, Indonesia",us,reviewed
us6000r1n5,1755384688631,2025-08-16T22:51:28.631Z,119.9104,21.0452,10.0,5.1,mww,earthquake,"136 km SW of Hengchun, Taiwan",us,reviewed
us6000r1n6,1755384727212,2025-08-16T22:52:07.212Z,-176.0169,-24.3545,10.0,5.3,mww,earthquake,south of the Fiji Islands,us,reviewed
us6000r1p8,1755410391245,2025-08-17T05:59:51.245Z,-91.1097,13.1891,10.0,5.4,mww,earthquake,"87 km SSW of Puerto San José, Guatemala",us,reviewed
us6000r1qp,1755442992628,2025-08-17T15:03:12.628Z,127.1307,2.1675,20.1,5.5,mww,earthquake,"109 km WNW of Tobelo, Indonesia",us,reviewed
us6000r1qu,1755444679979,2025-08-17T15:31:19.979Z,127.0014,2.0781,33.991,5.0,mb,earthquake,"118 km WNW of Tobelo, Indonesia",us,reviewed
us6000r1rf,1755455739334,2025-08-17T18:35:39.334Z,151.528,-6.2054,10.0,5.0,mb,earthquake,"170 km ESE of Kimbe, Papua New Guinea",us,reviewed
us6000r1ri,1755457780604,2025-08-17T19:09:40.604Z,-66.311,-22.6794,241.728,5.0,mww,earthquake,"63 km W of Abra Pampa, Argentina",us,reviewed
us6000r1rj,1755457861981,2025-08-17T19:11:01.981Z,7.4276,34.3778,10.0,5.1,mww,earthquake,"47 km W of Chebika, Tunisia",us,reviewed
us6000r1ud,1755501012806,2025-08-18T07:10:12.806Z,-79.9408,-44.7541,10.0,5.6,mww,earthquake,"Off the coast of Aisen, Chile",us,reviewed
us6000r1uh,1755503328029,2025-08-18T07:48:48.029Z,-173.2669,-15.2513,42.226,5.2,mww,earthquake,"96 km NE of Hihifo, Tonga",us,reviewed
us6000r1uy,1755511968196,2025-08-18T10:12:48.196Z,159.5264,51.2789,9.727,5.0,mww,earthquake,"199 km SSE of Vilyuchinsk, Russia",us,reviewed
us6000r1yj,1755555562794,2025-08-18T22:19:22.794Z,140.5262,42.033,128.361,5.1,mww,earthquake,"20 km NW of Honchō, Japan",us,reviewed
us6000r1yq,1755558189204,2025-08-18T23:03:09.204Z,-175.9688,-24.3735,12.0,5.6,mww,earthquake,south of Tonga,us,reviewed
us6000r1zv,1755580791712,2025-08-19T05:19:51.712Z,70.8427,36.4758,203.997,5.1,mww,earthquake,"43 km S of Jurm, Afghanistan",us,reviewed
us6000r201,1755583721850,2025-08-19T06:08:41.850Z,-67.2466,-57.1412,10.0,5.2,mww,earthquake,"267 km SSE of Ushuaia, Argentina",us,reviewed
us6000r222,1755614232491,2025-08-19T14:37:12.491Z,-175.9875,-24.2547,10.0,5.4,mb,earthquake,south of Tonga,us,reviewed
us6000r22u,1755624794436,2025-08-19T17:33:14.436Z,164.6961,-62.122,10.0,5.4,mww,earthquake,Balleny Islands region,us,reviewed
us6000r278,1755639480474,2025-08-19T21:38:00.474Z,66.9258,-15.3027,10.0,5.0,mww,earthquake,Mid-Indian Ridge,us,reviewed
us6000r2hj,1755709998581,2025-08-20T17:13:18.581Z,-177.7973,-30.154,10.0,5.0,mb,earthquake,"Kermadec Islands, New Zealand",us,reviewed
us6000r2l7,1755725095732,2025-08-20T21:24:55.732Z,147.5281,43.469,41.217,5.1,mb,earthquake,"74 km ESE of Shikotan, Russia",us,reviewed
us6000r2s3,1755775263945,2025-08-21T11:21:03.945Z,160.125,51.8817,10.0,5.8,mww,earthquake,"165 km SE of Vilyuchinsk, Russia",us,reviewed
us6000r2sr,1755785219160,2025-08-21T14:06:59.160Z,151.4069,-5.0735,133.765,5.0,mww,earthquake,"125 km SW of Kokopo, Papua New Guinea",us,reviewed
us6000r2uz,1755815684484,2025-08-21T22:34:44.484Z,142.309,38.757,40.0,5.6,mww,earthquake,"62 km SE of Ōfunato, Japan",us,reviewed
us6000r2xq,1755828978246,2025-08-22T02:16:18.246Z,-61.9221,-60.3187,10.0,7.5,mww,earthquake,2025 Southern Drake Passage Earthquake,us,reviewed
us6000r2yx,1755832644781,2025-08-22T03:17:24.781Z,-61.8745,-60.2135,10.0,5.1,mb,earthquake,Drake Passage,us,reviewed
us6000r2z6,1755838574177,2025-08-22T04:56:14.177Z,94.2596,23.403,10.0,5.3,mb,earthquake,"30 km SSW of Mawlaik, Burma (Myanmar)",us,reviewed
us6000r2z8,1755839934453,2025-08-22T05:18:54.453Z,-61.8641,-60.1907,10.0,5.1,mb,earthquake,Drake Passage,us,reviewed
us6000r308,1755855219108,2025-08-22T09:33:39.108Z,-177.7927,-30.4607,35.0,5.0,mb,earthquake,"Kermadec Islands, New Zealand",us,reviewed
us6000r30q,1755867176154,2025-08-22T12:52:56.154Z,168.6842,-17.6286,213.944,5.4,mww,earthquake,"41 km ENE of Port-Vila, Vanuatu",us,reviewed
us7000qwr5,1755867209371,2025-08-22T12:53:29.371Z,168.6638,-17.5267,210.852,5.2,mb,earthquake,"43 km ENE of Port-Vila, Vanuatu",us,reviewed
us6000r32f,1755878260273,2025-08-22T15:57:40.273Z,159.4748,51.2967,40.389,5.0,mb,earthquake,"196 km SSE of Vilyuchinsk, Russia",us,reviewed
us6000r385,1755907854678,2025-08-23T00:10:54.678Z,-175.8881,-24.6736,10.0,5.5,mww,earthquake,south of Tonga,us,reviewed
us6000r389,1755909822343,2025-08-23T00:43:42.343Z,-175.9865,-24.5984,35.0,5.0,mb,earthquake,south of Tonga,us,reviewed
us6000r39a,1755920653908,2025-08-23T03:44:13.908Z,157.3228,50.763,45.0,5.4,mww,earthquake,"85 km E of Severo-Kuril’sk, Russia",us,reviewed
us6000r39p,1755922945994,2025-08-23T04:22:25.994Z,160.2913,51.7695,10.0,5.2,mb,earthquake,"182 km SE of Vilyuchinsk, Russia",us,reviewed
us6000r3at,1755940462210,2025-08-23T09:14:22.210Z,-90.4343,13.0601,17.0,6.0,mww,earthquake,"88 km SW of Acajutla, El Salvador",us,reviewed
us6000r3bg,1755951893914,2025-08-23T12:24:53.914Z,96.5997,2.0106,18.0,5.8,mww,earthquake,"57 km SSE of Sinabang, Indonesia",us,reviewed
us6000r3bz,1755953935391,2025-08-23T12:58:55.391Z,-26.8369,-56.2953,76.161,5.2,mb,earthquake,South Sandwich Islands region,us,reviewed
us6000r3ck,1755964194127,2025-08-23T15:49:54.127Z,-172.1242,-17.1324,10.0,5.1,mww,earthquake,"221 km SE of Hihifo, Tonga",us,reviewed
us7000qwyb,1755975171580,2025-08-23T18:52:51.580Z,-62.2307,-60.2489,10.0,5.0,mb,earthquake,Drake Passage,us,reviewed
us6000r3dw,1755984575653,2025-08-23T21:29:35.653Z,160.3044,52.2154,35.0,5.3,mww,earthquake,"147 km SE of Petropavlovsk-Kamchatsky, Russia",us,reviewed
us6000r3f2,1756002699405,2025-08-24T02:31:39.405Z,159.8053,51.6062,35.0,5.0,mb,earthquake,"175 km SSE of Vilyuchinsk, Russia",us,reviewed
us6000r3f5,1756005035996,2025-08-24T03:10:35.996Z,160.3446,52.1491,10.0,5.2,mww,earthquake,"154 km SE of Petropavlovsk-Kamchatsky, Russia",us,reviewed
us6000r3g6,1756022464206,2025-08-24T08:01:04.206Z,-177.1958,-18.7929,352.442,5.4,mww,earthquake,Fiji region,us,reviewed
us7000qxb4,1756103813457,2025-08-25T06:36:53.457Z,-23.9957,-56.7236,10.0,5.1,mb,earthquake,South Sandwich Islands region,us,reviewed
us6000r3l7,1756104514819,2025-08-25T06:48:34.819Z,160.0428,49.3726,9.0,6.1,mww,earthquake,east of the Kuril Islands,us,reviewed
us7000qqx7,1756159991671,2025-08-25T22:13:11.671Z,156.0996,49.1051,31.0,5.6,mww,earthquake,"174 km S of Severo-Kuril’sk, Russia",us,reviewed
us7000qqxi,1756166638080,2025-08-26T00:03:58.080Z,87.7533,33.9261,10.0,5.1,mb,earthquake,western Xizang,us,reviewed
us7000qqxt,1756171970378,2025-08-26T01:32:50.378Z,-178.5196,-17.8109,614.102,5.6,mww,earthquake,"230 km E of Levuka, Fiji",us,reviewed
us7000qqzj,1756195426843,2025-08-26T08:03:46.843Z,-160.0697,54.438,31.197,5.0,mww,earthquake,"103 km SSE of Sand Point, Alaska",us,reviewed
us7000qr03,1756211128568,2025-08-26T12:25:28.568Z,-91.0654,13.0947,31.699,5.1,mww,earthquake,"95 km SSW of Puerto San José, Guatemala",us,reviewed
us7000qr6d,1756239370377,2025-08-26T20:16:10.377Z,88.3561,33.0193,10.0,5.0,mb,earthquake,western Xizang,us,reviewed
us7000qr6h,1756240418281,2025-08-26T20:33:38.281Z,48.2426,42.443,66.28,5.4,mww,earthquake,"21 km ENE of Novokayakent, Russia",us,reviewed
us7000qr7r,1756253077994,2025-08-27T00:04:37.994Z,-64.6163,-61.8937,10.0,5.2,mb,earthquake,Drake Passage,us,reviewed
us7000qr7s,1756253436929,2025-08-27T00:10:36.929Z,-175.6649,-24.8269,35.0,5.2,mb,earthquake,south of Tonga,us,reviewed
us7000qr8h,1756266590441,2025-08-27T03:49:50.441Z,157.4273,50.7675,40.0,6.0,mww,earthquake,"92 km E of Severo-Kuril’sk, Russia",us,reviewed
us7000qr91,1756272843566,2025-08-27T05:34:03.566Z,-26.8856,-55.3038,10.0,5.0,mb,earthquake,South Sandwich Islands region,us,reviewed
us7000qr9v,1756289999597,2025-08-27T10:19:59.597Z,65.2326,3.0842,10.0,5.2,mww,earthquake,Carlsberg Ridge,us,reviewed
us7000qra8,1756300259947,2025-08-27T13:10:59.947Z,121.9111,24.8222,114.91,5.3,mww,earthquake,"17 km ENE of Yilan, Taiwan",us,reviewed
us7000qrab,1756301231624,2025-08-27T13:27:11.624Z,71.3831,36.467,138.771,5.1,mww,earthquake,"27 km SSW of Ashkāsham, Afghanistan",us,reviewed
us7000qrh7,1756347773065,2025-08-28T02:22:53.065Z,92.4647,49.562,10.0,5.4,mb,earthquake,"54 km SSE of Ulaangom, Mongolia",us,reviewed
us7000qrhi,1756355498218,2025-08-28T04:31:38.218Z,152.5813,-5.7179,10.0,5.2,mb,earthquake,"155 km SSE of Kokopo, Papua New Guinea",us,reviewed
us7000qrj0,1756379268125,2025-08-28T11:07:48.125Z,179.9386,52.1251,130.0,5.9,mww,earthquake,"237 km W of Adak, Alaska",us,reviewed
us7000qrj3,1756381220747,2025-08-28T11:40:20.747Z,169.753,-20.6779,50.249,5.2,mww,earthquake,"135 km SSE of Isangel, Vanuatu",us,reviewed
us7000qrrv,1756419035566,2025-08-28T22:10:35.566Z,160.7256,52.2581,10.0,5.0,mww,earthquake,"167 km ESE of Petropavlovsk-Kamchatsky, Russia",us,reviewed
us7000qru7,1756458865405,2025-08-29T09:14:25.405Z,179.5965,51.7122,81.285,5.1,mww,earthquake,"260 km W of Adak, Alaska",us,reviewed
us7000qrw3,1756484962449,2025-08-29T16:29:22.449Z,142.0646,38.4534,51.698,5.5,mww,earthquake,"53 km E of Onagawa Chō, Japan",us,reviewed
us7000qsfb,1756508315442,2025-08-29T22:58:35.442Z,157.0731,50.8858,79.74,5.2,mb,earthquake,"70 km ENE of Severo-Kuril’sk, Russia",us,reviewed
us7000qsfj,1756511310294,2025-08-29T23:48:30.294Z,159.8481,53.2404,73.815,5.0,mww,earthquake,"83 km ENE of Petropavlovsk-Kamchatsky, Russia",us,reviewed
us7000qsfw,1756511638326,2025-08-29T23:53:58.326Z,160.0609,52.1538,57.838,5.1,mb,earthquake,"140 km SE of Petropavlovsk-Kamchatsky, Russia",us,reviewed
us7000qsj9,1756546517566,2025-08-30T09:35:17.566Z,-13.2885,-32.2113,10.0,5.0,mb,earthquake,southern Mid-Atlantic Ridge,us,reviewed
us7000qsk1,1756560934169,2025-08-30T13:35:34.169Z,103.0418,-4.8112,65.038,5.0,mb,earthquake,"89 km SSW of Pagar Alam, Indonesia",us,reviewed
us7000qskb,1756565930189,2025-08-30T14:58:50.189Z,166.1774,-11.6361,55.573,5.1,mww,earthquake,"109 km SSE of Lata, Solomon Islands",us,reviewed
us7000qskm,1756573181326,2025-08-30T16:59:41.326Z,157.3925,49.9692,24.387,5.0,mww,earthquake,"119 km SE of Severo-Kuril’sk, Russia",us,reviewed
us7000qsly,1756584567619,2025-08-30T20:09:27.619Z,166.3607,-11.5525,60.034,5.5,mww,earthquake,"110 km SE of Lata, Solomon Islands",us,reviewed
us7000qspt,1756612218687,2025-08-31T03:50:18.687Z,-11.8515,-21.391,10.0,5.2,mww,earthquake,southern Mid-Atlantic Ridge,us,reviewed
us7000qsu5,1756657467451,2025-08-31T16:24:27.451Z,-25.6202,-58.3758,67.461,5.6,mww,earthquake,South Sandwich Islands region,us,reviewed
us7000qsvj,1756667854124,2025-08-31T19:17:34.124Z,70.8087,34.7106,8.0,6.0,mww,earthquake,"35 km WSW of Asadābād, Afghanistan",us,reviewed
us7000qswe,1756676000052,2025-08-31T21:33:20.052Z,70.7649,34.7363,10.0,5.2,mb,earthquake,"38 km WSW of Asadābād, Afghanistan",us,reviewed
us7000qsx4,1756683987869,2025-08-31T23:46:27.869Z,70.7355,34.7164,8.457,5.2,mb,earthquake,"41 km NE of Jalālābād, Afghanistan",us,reviewed
us7000qszd,1756717104362,2025-09-01T08:58:24.362Z,149.3391,-6.3743,32.99,5.0,mb,earthquake,"29 km SW of Kandrian, Papua New Guinea",us,reviewed
ak025b7povrc,1756724529766,2025-09-01T11:02:09.766Z,-151.9738,56.2482,12.0,5.6,mww,earthquake,"133 km SE of Old Harbor, Alaska",ak,reviewed
us7000qt6k,1756783951323,2025-09-02T03:32:31.323Z,140.1285,30.6722,10.0,5.3,mww,earthquake,"Izu Islands, Japan region",us,reviewed
us7000qt8g,1756812304025,2025-09-02T11:25:04.025Z,160.5051,52.6415,35.0,5.1,mb,earthquake,"134 km ESE of Petropavlovsk-Kamchatsky, Russia",us,reviewed
us7000qt8u,1756816178946,2025-09-02T12:29:38.946Z,70.763,34.6057,10.0,5.2,mb,earthquake,"34 km NE of Jalālābād, Afghanistan",us,reviewed
us7000qtcu,1756844068907,2025-09-02T20:14:28.907Z,170.7457,-23.3474,10.0,5.0,mb,earthquake,southeast of the Loyalty Islands,us,reviewed
us7000qtdt,1756857192343,2025-09-02T23:53:12.343Z,120.3686,-0.93,10.0,5.0,mww,earthquake,"55 km E of Palu, Indonesia",us,reviewed
us7000qtdv,1756858524816,2025-09-03T00:15:24.816Z,165.5204,-11.4393,10.0,5.0,mb,earthquake,"84 km SSW of Lata, Solomon Islands",us,reviewed
us7000qte0,1756859876691,2025-09-03T00:37:56.691Z,170.4312,-23.7317,10.0,5.0,mww,earthquake,southeast of the Loyalty Islands,us,reviewed
us7000qteq,1756870698866,2025-09-03T03:38:18.866Z,159.4654,51.4122,10.0,5.2,mww,earthquake,"183 km SSE of Vilyuchinsk, Russia",us,reviewed
us7000qthm,1756911405140,2025-09-03T14:56:45.140Z,-77.856,-1.5015,161.773,5.3,mww,earthquake,"16 km E of Puyo, Ecuador",us,reviewed
us7000qtm0,1756933067645,2025-09-03T20:57:47.645Z,-169.5044,52.207,18.0,5.9,mww,earthquake,"92 km SSW of Nikolski, Alaska",us,reviewed
us7000qtmw,1756939545860,2025-09-03T22:45:45.860Z,126.3902,9.6436,35.0,5.0,mb,earthquake,"33 km ESE of Union, Philippines",us,reviewed
us7000qtmy,1756940171878,2025-09-03T22:56:11.878Z,-175.707,-23.3892,35.0,5.0,mb,earthquake,"239 km SSW of ‘Ohonua, Tonga",us,reviewed
us7000qtpi,1756959008732,2025-09-04T04:10:08.732Z,-67.0928,-24.3102,172.477,5.0,mb,earthquake,"79 km W of San Antonio de los Cobres, Argentina",us,reviewed
us7000qtpj,1756959019917,2025-09-04T04:10:19.917Z,-67.1572,-24.1304,182.0,5.9,mww,earthquake,"85 km W of San Antonio de los Cobres, Argentina",us,reviewed
us7000qtpw,1756960669099,2025-09-04T04:37:49.099Z,141.8368,11.6636,10.0,5.2,mb,earthquake,"254 km NE of Fais, Micronesia",us,reviewed
us7000qtr2,1756978720579,2025-09-04T09:38:40.579Z,153.4113,-4.8633,60.303,5.2,mb,earthquake,"139 km ESE of Kokopo, Papua New Guinea",us,reviewed
us7000qtra,1756984215301,2025-09-04T11:10:15.301Z,169.7526,-19.4817,34.312,5.1,mb,earthquake,"49 km E of Isangel, Vanuatu",us,reviewed
us7000qtst,1757004986361,2025-09-04T16:56:26.361Z,70.758,34.6972,16.505,5.6,mww,earthquake,"40 km WSW of Asadābād, Afghanistan",us,reviewed
us7000qtvy,1757012474016,2025-09-04T19:01:14.016Z,-169.4951,52.1866,35.0,5.2,mww,earthquake,"94 km SSW of Nikolski, Alaska",us,reviewed
us7000qtwh,1757015666248,2025-09-04T19:54:26.248Z,-169.4297,52.1859,35.0,5.2,mww,earthquake,"92 km SSW of Nikolski, Alaska",us,reviewed
us7000qtxp,1757025517778,2025-09-04T22:38:37.778Z,160.7564,52.3004,10.0,5.2,mww,earthquake,"167 km ESE of Petropavlovsk-Kamchatsky, Russia",us,reviewed
us7000qtzu,1757035661972,2025-09-05T01:27:41.972Z,-175.4457,-23.3907,36.768,5.0,mb,earthquake,"232 km SSW of ‘Ohonua, Tonga",us,reviewed
us7000qtzt,1757035802494,2025-09-05T01:30:02.494Z,70.8104,34.8172,8.988,5.3,mb,earthquake,"31 km WSW of Asadābād, Afghanistan",us,reviewed
us7000qu8p,1757093150466,2025-09-05T17:25:50.466Z,70.6837,34.5525,10.0,5.2,mb,earthquake,"25 km ENE of Jalālābād, Afghanistan",us,reviewed
us7000qu91,1757094152285,2025-09-05T17:42:32.285Z,-81.0466,-1.821,3.061,5.4,mww,earthquake,"44 km NNW of Salinas, Ecuador",us,reviewed
us7000quaj,1757105710484,2025-09-05T20:55:10.484Z,156.1058,49.1633,39.687,5.2,mww,earthquake,"168 km S of Severo-Kuril’sk, Russia",us,reviewed
us7000qucj,1757139925833,2025-09-06T06:25:25.833Z,-159.9425,54.1089,10.0,5.1,mww,earthquake,"141 km SSE of Sand Point, Alaska",us,reviewed
us7000qufv,1757188506035,2025-09-06T19:55:06.035Z,178.6202,-37.4133,43.92,5.0,mb,earthquake,"35 km NE of Hicks Bay, New Zealand",us,reviewed
us7000qug7,1757191242434,2025-09-06T20:40:42.434Z,-169.4988,52.3153,37.69,5.4,mww,earthquake,"81 km SSW of Nikolski, Alaska",us,reviewed
us7000quir,1757230147651,2025-09-07T07:29:07.651Z,126.908,9.2452,10.0,5.1,mww,earthquake,"76 km ENE of Bacolod, Philippines",us,reviewed
us7000quj0,1757233886163,2025-09-07T08:31:26.163Z,160.4818,52.1658,10.0,5.0,mb,earthquake,"160 km SE of Petropavlovsk-Kamchatsky, Russia",us,reviewed
us7000qulz,1757280299658,2025-09-07T21:24:59.658Z,157.1112,50.8501,79.757,5.0,mb,earthquake,"72 km ENE of Severo-Kuril’sk, Russia",us,reviewed
us7000qumy,1757294844660,2025-09-08T01:27:24.660Z,162.2552,-50.791,10.0,5.2,mww,earthquake,"Auckland Islands, New Zealand region",us,reviewed
us7000qunb,1757300999255,2025-09-08T03:09:59.255Z,-15.9097,-58.1885,10.0,5.1,mb,earthquake,east of the South Sandwich Islands,us,reviewed
us7000qupw,1757319971322,2025-09-08T08:26:11.322Z,160.7748,52.3669,10.0,5.1,mb,earthquake,"164 km ESE of Petropavlovsk-Kamchatsky, Russia",us,reviewed
us7000quqk,1757331151813,2025-09-08T11:32:31.813Z,160.8577,52.4795,10.0,5.0,mww,earthquake,"163 km ESE of Petropavlovsk-Kamchatsky, Russia",us,reviewed
us7000quup,1757357530347,2025-09-08T18:52:10.347Z,125.5075,9.9133,143.517,5.3,mww,earthquake,"10 km WSW of Dinagat, Philippines",us,reviewed
us7000quvk,1757366876372,2025-09-08T21:27:56.372Z,24.1197,38.2551,10.0,5.0,mww,earthquake,"11 km NW of Néa Stíra, Greece",us,reviewed
us7000quvp,1757368068117,2025-09-08T21:47:48.117Z,173.7046,-21.0025,10.0,6.4,mww,earthquake,Vanuatu region,us,reviewed
us7000quvu,1757370799764,2025-09-08T22:33:19.764Z,-98.1418,16.2607,10.0,5.2,mb,earthquake,"5 km ENE of Corralero, Mexico",us,reviewed
us7000quwy,1757390881584,2025-09-09T04:08:01.584Z,-126.5618,42.36,10.0,5.7,mww,earthquake,"174 km WSW of Port Orford, Oregon",us,reviewed
us6000reas,1757397568487,2025-09-09T05:59:28.487Z,-126.4601,42.4867,10.0,5.1,mww,earthquake,"163 km W of Port Orford, Oregon",us,reviewed
us7000qv0n,1757431276445,2025-09-09T15:21:16.445Z,78.1132,-37.4955,10.0,5.3,mww,earthquake,Mid-Indian Ridge,us,reviewed
us7000qv3g,1757446303949,2025-09-09T19:31:43.949Z,-126.57,42.4522,10.0,5.1,mww,earthquake,"173 km WSW of Port Orford, Oregon",us,reviewed
us7000qvae,1757527431804,2025-09-10T18:03:51.804Z,159.5233,51.3825,10.0,5.2,mb,earthquake,"188 km SSE of Vilyuchinsk, Russia",us,reviewed
us7000qvav,1757532624539,2025-09-10T19:30:24.539Z,159.7556,52.9664,57.486,5.0,mb,earthquake,"76 km E of Petropavlovsk-Kamchatsky, Russia",us,reviewed
us7000qvd6,1757560499008,2025-09-11T03:14:59.008Z,112.8724,-9.623,49.654,5.0,mb,earthquake,"156 km S of Dampit, Indonesia",us,reviewed
us7000qvdb,1757561711937,2025-09-11T03:35:11.937Z,159.7272,51.5535,10.0,5.1,mww,earthquake,"177 km SSE of Vilyuchinsk, Russia",us,reviewed
us7000qvdn,1757566435973,2025-09-11T04:53:55.973Z,159.6606,51.5379,10.0,5.0,mb,earthquake,"177 km SSE of Vilyuchinsk, Russia",us,reviewed
us7000qvdj,1757566462035,2025-09-11T04:54:22.035Z,159.7602,51.5289,10.0,5.3,mb,earthquake,"181 km SSE of Vilyuchinsk, Russia",us,reviewed
us7000qves,1757587237151,2025-09-11T10:40:37.151Z,159.6962,51.4261,10.0,5.0,mb,earthquake,"189 km SSE of Vilyuchinsk, Russia",us,reviewed
us7000qvly,1757647864097,2025-09-12T03:31:04.097Z,-27.833,-56.3281,10.0,5.3,mww,earthquake,South Sandwich Islands region,us,reviewed
us7000qvmd,1757652635650,2025-09-12T04:50:35.650Z,167.3376,-16.3977,10.0,5.0,mb,earthquake,"34 km SSW of Lakatoro, Vanuatu",us,reviewed
us7000qvra,1757698184061,2025-09-12T17:29:44.061Z,165.1071,-10.7629,61.329,5.1,mb,earthquake,"75 km W of Lata, Solomon Islands",us,reviewed
us7000qvrf,1757699205860,2025-09-12T17:46:45.860Z,-15.621,-39.4342,10.0,5.6,mww,earthquake,Tristan da Cunha region,us,reviewed
us6000relq,1757702139486,2025-09-12T18:35:39.486Z,-143.4819,-56.0224,10.0,5.1,mb,earthquake,Pacific-Antarctic Ridge,us,reviewed
us7000qvtg,1757710387030,2025-09-12T20:53:07.030Z,159.8576,52.0634,22.256,5.1,mww,earthquake,"138 km SE of Vilyuchinsk, Russia",us,reviewed
us7000qvtp,1757713330839,2025-09-12T21:42:10.839Z,87.0157,29.1796,10.0,5.0,mb,earthquake,"137 km N of Lobuche, Nepal",us,reviewed
us7000qvvb,1757718774724,2025-09-12T23:12:54.724Z,-143.0756,-56.1688,10.0,5.4,mww,earthquake,Pacific-Antarctic Ridge,us,reviewed
us7000qvw5,1757731076761,2025-09-13T02:37:56.761Z,160.1901,53.1969,58.0,7.4,mww,earthquake,"105 km E of Petropavlovsk-Kamchatsky, Russia",us,reviewed
us7000qvx7,1757737926790,2025-09-13T04:32:06.790Z,-28.0794,-55.6948,34.514,5.4,mb,earthquake,South Sandwich Islands region,us,reviewed
us7000qvxp,1757744546861,2025-09-13T06:22:26.861Z,160.3688,53.2245,45.096,5.2,mb,earthquake,"117 km E of Petropavlovsk-Kamchatsky, Russia",us,reviewed
us7000qvyf,1757747030140,2025-09-13T07:03:50.140Z,158.7094,51.2807,35.0,5.2,mb,earthquake,"155 km E of Ozernovskiy, Russia",us,reviewed
us7000qw4k,1757833932402,2025-09-14T07:12:12.402Z,-76.1391,6.8248,10.0,5.4,mww,earthquake,"5 km N of Frontino, Colombia",us,reviewed
us7000qw56,1757848311373,2025-09-14T11:11:51.373Z,92.2103,26.7097,29.0,5.5,mww,earthquake,"11 km ESE of Udalguri, India",us,reviewed
us7000qw63,1757861385298,2025-09-14T14:49:45.298Z,101.0948,-2.809,75.477,5.3,mb,earthquake,"89 km SSW of Sungai Penuh, Indonesia",us,reviewed
us7000qw84,1757894796965,2025-09-15T00:06:36.965Z,160.0005,53.1002,62.667,5.2,mww,earthquake,"92 km E of Petropavlovsk-Kamchatsky, Russia",us,reviewed
us7000qw8d,1757900394470,2025-09-15T01:39:54.470Z,159.8378,53.2241,63.043,5.2,mww,earthquake,"82 km ENE of Petropavlovsk-Kamchatsky, Russia",us,reviewed
us7000qw9p,1757927781100,2025-09-15T09:16:21.100Z,-61.347,16.6949,59.336,5.0,mww,earthquake,"29 km NE of Anse-Bertrand, Guadeloupe",us,reviewed
us7000qw9u,1757930112225,2025-09-15T09:55:12.225Z,16.3558,34.3393,10.0,5.1,mww,earthquake,"234 km SE of Birżebbuġa, Malta",us,reviewed
us7000qwch,1757954075213,2025-09-15T16:34:35.213Z,160.6791,52.6973,15.0,6.0,mww,earthquake,"144 km ESE of Petropavlovsk-Kamchatsky, Russia",us,reviewed
us7000qwci,1757956542652,2025-09-15T17:15:42.652Z,159.036,49.4867,10.0,5.0,mb,earthquake,"246 km ESE of Severo-Kuril’sk, Russia",us,reviewed
us7000qwfa,1757994112928,2025-09-16T03:41:52.928Z,-81.2004,-5.702,10.0,5.1,mb,earthquake,"44 km WSW of Sechura, Peru",us,reviewed
us7000qwfm,1758002758585,2025-09-16T06:05:58.585Z,159.3577,51.5649,35.0,5.0,mb,earthquake,"165 km SSE of Vilyuchinsk, Russia",us,reviewed
us7000qwg4,1758013357586,2025-09-16T09:02:37.586Z,-169.6612,51.8776,26.935,5.1,mww,earthquake,"130 km SSW of Nikolski, Alaska",us,reviewed
us7000qwir,1758041986550,2025-09-16T16:59:46.550Z,153.7354,-5.5179,31.0,6.0,mww,earthquake,"208 km SE of Kokopo, Papua New Guinea",us,reviewed
us7000qwnk,1758110559132,2025-09-17T12:02:39.132Z,168.5843,-19.2595,35.0,5.1,mww,earthquake,"79 km WNW of Isangel, Vanuatu",us,reviewed
us7000qwp2,1758120400981,2025-09-17T14:46:40.981Z,161.7109,53.0445,10.0,5.0,mb,earthquake,"206 km E of Petropavlovsk-Kamchatsky, Russia",us,reviewed
us7000qwst,1758142667240,2025-09-17T20:57:47.240Z,159.302,52.6317,54.177,5.4,mww,earthquake,"66 km SE of Petropavlovsk-Kamchatsky, Russia",us,reviewed
us7000qwwc,1758183541931,2025-09-18T08:19:01.931Z,-129.7063,-55.0778,10.0,5.3,mww,earthquake,Pacific-Antarctic Ridge,us,reviewed
us7000qx1z,1758219589220,2025-09-18T18:19:49.220Z,135.4658,-3.5961,28.0,6.0,mww,earthquake,"26 km S of Nabire, Indonesia",us,reviewed
us7000qx2g,1758221894939,2025-09-18T18:58:14.939Z,160.7206,53.1426,27.0,7.8,mww,earthquake,"140 km E of Petropavlovsk-Kamchatsky, Russia",us,reviewed
us6000rg7q,1758222366348,2025-09-18T19:06:06.348Z,160.8695,52.688,24.19,5.2,mb,earthquake,"156 km ESE of Petropavlovsk-Kamchatsky, Russia",us,reviewed
us7000qx2n,1758222467518,2025-09-18T19:07:47.518Z,-31.5333,-60.4185,10.0,5.4,mb,earthquake,Scotia Sea,us,reviewed
us7000qx2q,1758222499904,2025-09-18T19:08:19.904Z,160.7735,52.9863,10.0,5.8,mb,earthquake,"144 km E of Petropavlovsk-Kamchatsky, Russia",us,reviewed
us7000qx8n,1758222648133,2025-09-18T19:10:48.133Z,160.9277,52.953,10.0,5.3,mb,earthquake,"154 km E of Petropavlovsk-Kamchatsky, Russia",us,reviewed
us7000qxah,1758222709523,2025-09-18T19:11:49.523Z,160.3259,53.0995,32.405,5.0,mb,earthquake,"113 km E of Petropavlovsk-Kamchatsky, Russia",us,reviewed
us7000qx2r,1758223163947,2025-09-18T19:19:23.947Z,160.7987,52.9469,32.356,5.4,mb,earthquake,"146 km E of Petropavlovsk-Kamchatsky, Russia",us,reviewed
us7000qx2s,1758223597834,2025-09-18T19:26:37.834Z,160.965,52.7596,10.0,5.5,mb,earthquake,"160 km ESE of Petropavlovsk-Kamchatsky, Russia",us,reviewed
us7000qx2y,1758225130415,2025-09-18T19:52:10.415Z,120.0268,16.8635,35.0,5.4,mb,earthquake,"38 km WNW of Bacnotan, Philippines",us,reviewed
us7000qx33,1758225782493,2025-09-18T20:03:02.493Z,160.6915,52.4163,10.0,5.6,mb,earthquake,"156 km ESE of Petropavlovsk-Kamchatsky, Russia",us,reviewed
us7000qx8p,1758225963763,2025-09-18T20:06:03.763Z,160.7468,52.3906,10.0,5.1,mb,earthquake,"161 km ESE of Petropavlovsk-Kamchatsky, Russia",us,reviewed
us7000qx3d,1758226664835,2025-09-18T20:17:44.835Z,160.7605,52.9284,35.714,5.5,mb,earthquake,"144 km E of Petropavlovsk-Kamchatsky, Russia",us,reviewed
us7000qx41,1758228538204,2025-09-18T20:48:58.204Z,160.5376,52.1232,10.0,5.0,mb,earthquake,"166 km SE of Petropavlovsk-Kamchatsky, Russia",us,reviewed
us7000qx42,1758228763913,2025-09-18T20:52:43.913Z,161.1886,52.7989,10.0,5.3,mb,earthquake,"174 km E of Petropavlovsk-Kamchatsky, Russia",us,reviewed
us6000rg8z,1758228805537,2025-09-18T20:53:25.537Z,160.8301,52.8721,10.0,5.2,mb,earthquake,"149 km E of Petropavlovsk-Kamchatsky, Russia",us,reviewed
us7000qx4p,1758231401130,2025-09-18T21:36:41.130Z,160.7563,52.3527,10.0,5.2,mb,earthquake,"164 km ESE of Petropavlovsk-Kamchatsky, Russia",us,reviewed
us7000qx4q,1758231475577,2025-09-18T21:37:55.577Z,160.7052,52.9373,47.898,5.7,mb,earthquake,"140 km E of Petropavlovsk-Kamchatsky, Russia",us,reviewed
us7000qx52,1758235030562,2025-09-18T22:37:10.562Z,160.8847,53.0067,35.0,5.5,mb,earthquake,"151 km E of Petropavlovsk-Kamchatsky, Russia",us,reviewed
us7000qx58,1758236021772,2025-09-18T22:53:41.772Z,135.5487,-3.5765,10.0,5.0,mb,earthquake,"24 km SSE of Nabire, Indonesia",us,reviewed
us7000qx5f,1758237299697,2025-09-18T23:14:59.697Z,160.7241,52.5331,20.89,5.2,mb,earthquake,"153 km ESE of Petropavlovsk-Kamchatsky, Russia",us,reviewed
us7000qx5p,1758241356086,2025-09-19T00:22:36.086Z,161.1417,52.8545,10.0,5.4,mb,earthquake,"170 km E of Petropavlovsk-Kamchatsky, Russia",us,reviewed
us7000qx5q,1758241516667,2025-09-19T00:25:16.667Z,159.8201,52.8863,64.213,5.1,mb,earthquake,"82 km ESE of Petropavlovsk-Kamchatsky, Russia",us,reviewed
us7000qx5t,1758242909540,2025-09-19T00:48:29.540Z,160.8899,52.4951,10.0,5.4,mb,earthquake,"165 km ESE of Petropavlovsk-Kamchatsky, Russia",us,reviewed
us7000qx60,1758244322623,2025-09-19T01:12:02.623Z,160.7704,53.3119,35.0,5.1,mb,earthquake,"145 km E of Petropavlovsk-Kamchatsky, Russia",us,reviewed
us7000qx6g,1758246593392,2025-09-19T01:49:53.392Z,160.5298,52.7248,35.0,5.0,mb,earthquake,"133 km ESE of Petropavlovsk-Kamchatsky, Russia",us,reviewed
us7000qx7a,1758257756775,2025-09-19T04:55:56.775Z,-69.258,-20.2393,96.269,5.5,mww,earthquake,"42 km ENE of La Tirana, Chile",us,reviewed
us7000qx91,1758273116762,2025-09-19T09:11:56.762Z,-24.6648,-58.7504,10.0,5.4,mww,earthquake,South Sandwich Islands region,us,reviewed
us7000qx9y,1758281106840,2025-09-19T11:25:06.840Z,160.5759,52.7885,38.152,5.1,mb,earthquake,"134 km ESE of Petropavlovsk-Kamchatsky, Russia",us,reviewed
us7000qxa1,1758281583946,2025-09-19T11:33:03.946Z,160.9969,52.5928,24.31,5.0,mb,earthquake,"168 km ESE of Petropavlovsk-Kamchatsky, Russia",us,reviewed
us7000qxaf,1758284698344,2025-09-19T12:24:58.344Z,160.5708,52.7306,34.522,5.0,mb,earthquake,"135 km ESE of Petropavlovsk-Kamchatsky, Russia",us,reviewed
us7000qxat,1758288424406,2025-09-19T13:27:04.406Z,160.6452,52.2418,10.0,5.5,mww,earthquake,"164 km SE of Petropavlovsk-Kamchatsky, Russia",us,reviewed
us7000qxc8,1758290871403,2025-09-19T14:07:51.403Z,160.9395,52.4507,10.0,5.1,mb,earthquake,"170 km ESE of Petropavlovsk-Kamchatsky, Russia",us,reviewed
us7000qxca,1758291817226,2025-09-19T14:23:37.226Z,160.8827,52.431,10.0,5.1,mb,earthquake,"167 km ESE of Petropavlovsk-Kamchatsky, Russia",us,reviewed
us7000qxcd,1758293724833,2025-09-19T14:55:24.833Z,157.9936,51.1828,45.0,5.9,mww,earthquake,"109 km ESE of Ozernovskiy, Russia",us,reviewed
us6000rge8,1758293740913,2025-09-19T14:55:40.913Z,157.8629,51.2463,58.287,6.0,mb,earthquake,"98 km ESE of Ozernovskiy, Russia",us,reviewed
us7000qxcq,1758296253498,2025-09-19T15:37:33.498Z,160.5549,52.8095,35.0,5.2,mb,earthquake,"132 km ESE of Petropavlovsk-Kamchatsky, Russia",us,reviewed
us7000qxcr,1758296735090,2025-09-19T15:45:35.090Z,161.2436,52.9112,13.0,5.9,mww,earthquake,"176 km E of Petropavlovsk-Kamchatsky, Russia",us,reviewed
us7000qxec,1758301598831,2025-09-19T17:06:38.831Z,161.1923,52.9309,14.496,5.2,mb,earthquake,"172 km E of Petropavlovsk-Kamchatsky, Russia",us,reviewed
us7000qxhz,1758331716590,2025-09-20T01:28:36.590Z,155.4721,48.3376,10.0,5.1,mb,earthquake,"264 km S of Severo-Kuril’sk, Russia",us,reviewed
us6000rgw2,1758331792917,2025-09-20T01:29:52.917Z,160.9003,52.5188,10.0,5.0,mb,earthquake,"164 km ESE of Petropavlovsk-Kamchatsky, Russia",us,reviewed
us7000qxi6,1758336469917,2025-09-20T02:47:49.917Z,159.8428,52.9931,69.346,5.1,mww,earthquake,"81 km E of Petropavlovsk-Kamchatsky, Russia",us,reviewed
us7000qxis,1758351367367,2025-09-20T06:56:07.367Z,161.4143,52.9388,10.0,5.0,mb,earthquake,"187 km E of Petropavlovsk-Kamchatsky, Russia",us,reviewed
us7000qxiw,1758353295955,2025-09-20T07:28:15.955Z,-25.1758,-57.9159,29.662,5.1,mb,earthquake,South Sandwich Islands region,us,reviewed
us7000qxjq,1758363503628,2025-09-20T10:18:23.628Z,159.5559,51.3844,35.688,5.1,mb,earthquake,"189 km SSE of Vilyuchinsk, Russia",us,reviewed
us7000qxkf,1758382269292,2025-09-20T15:31:09.292Z,-24.6223,-58.0595,10.0,5.2,mb,earthquake,South Sandwich Islands region,us,reviewed
us7000qxm7,1758417215389,2025-09-21T01:13:35.389Z,161.0947,52.9362,10.0,5.6,mww,earthquake,"166 km E of Petropavlovsk-Kamchatsky, Russia",us,reviewed
us7000qxmn,1758424853169,2025-09-21T03:20:53.169Z,160.2652,52.2948,27.541,5.1,mww,earthquake,"139 km SE of Petropavlovsk-Kamchatsky, Russia",us,reviewed
us7000qxp1,1758447027862,2025-09-21T09:30:27.862Z,-178.0221,51.1987,30.0,5.5,mww,earthquake,"122 km SW of Adak, Alaska",us,reviewed
us7000qxq0,1758473967246,2025-09-21T16:59:27.246Z,-42.5327,29.5925,10.0,5.2,mww,earthquake,northern Mid-Atlantic Ridge,us,reviewed
us7000qxqv,1758488746760,2025-09-21T21:05:46.760Z,28.1095,39.1842,10.0,5.1,mww,earthquake,"8 km SW of Sındırgı, Turkey",us,reviewed
us7000qxs1,1758513550135,2025-09-22T03:59:10.135Z,142.1961,11.9582,35.0,5.1,mb,earthquake,south of the Mariana Islands,us,reviewed
us7000qxtz,1758551049003,2025-09-22T14:24:09.003Z,-106.5503,18.6883,10.0,5.4,mww,earthquake,"180 km SW of José María Morelos, Mexico",us,reviewed
us6000rc2r,1758558534550,2025-09-22T16:28:54.550Z,159.5182,51.5296,17.0,5.5,mww,earthquake,"173 km SSE of Vilyuchinsk, Russia",us,reviewed
us6000rhci,1758558596307,2025-09-22T16:29:56.307Z,161.0827,52.8786,10.0,5.1,mb,earthquake,"166 km E of Petropavlovsk-Kamchatsky, Russia",us,reviewed
us6000rc2x,1758558735120,2025-09-22T16:32:15.120Z,159.1251,51.7025,60.521,5.1,mb,earthquake,"145 km SSE of Vilyuchinsk, Russia",us,reviewed
us6000rc3t,1758561221569,2025-09-22T17:13:41.569Z,159.4372,51.5961,22.899,5.1,mww,earthquake,"164 km SSE of Vilyuchinsk, Russia",us,reviewed
us6000rc4t,1758565133733,2025-09-22T18:18:53.733Z,159.4482,51.5235,17.0,5.6,mww,earthquake,"172 km SSE of Vilyuchinsk, Russia",us,reviewed
us6000rc4u,1758565913036,2025-09-22T18:31:53.036Z,130.804,-5.9761,122.091,5.0,mb,earthquake,"219 km W of Tual, Indonesia",us,reviewed
us6000rc55,1758566790745,2025-09-22T18:46:30.745Z,159.5694,51.4799,22.135,5.3,mww,earthquake,"180 km SSE of Vilyuchinsk, Russia",us,reviewed
us6000rc51,1758566799476,2025-09-22T18:46:39.476Z,-75.1923,-15.7324,19.376,5.1,mb,earthquake,"40 km S of San Juan, Peru",us,reviewed
us6000rc7c,1758590436378,2025-09-23T01:20:36.378Z,95.3365,2.8968,10.0,5.1,mb,earthquake,"124 km WNW of Sinabang, Indonesia",us,reviewed
us6000rc7s,1758598609520,2025-09-23T03:36:49.520Z,-74.99,-40.1528,18.248,5.2,mww,earthquake,"136 km WSW of Corral, Chile",us,reviewed
us6000rc8b,1758605793685,2025-09-23T05:36:33.685Z,-25.3301,-58.7722,33.942,5.1,mb,earthquake,South Sandwich Islands region,us,reviewed
us6000rc8g,1758608385746,2025-09-23T06:19:45.746Z,160.1798,52.795,35.0,5.0,mb,earthquake,"108 km ESE of Petropavlovsk-Kamchatsky, Russia",us,reviewed
us6000rc8i,1758608726886,2025-09-23T06:25:26.886Z,-30.7808,38.0774,10.0,5.2,mww,earthquake,"148 km SSE of Lajes das Flores, Portugal",us,reviewed
us6000rc9h,1758631478519,2025-09-23T12:44:38.519Z,-178.5902,-31.5242,65.3,5.2,mww,earthquake,Kermadec Islands region,us,reviewed
us6000rcdc,1758649159799,2025-09-23T17:39:19.799Z,-75.2969,-15.7737,12.0,5.6,mww,earthquake,"47 km SSW of San Juan, Peru",us,reviewed
us6000rcf5,1758664335004,2025-09-23T21:52:15.004Z,-89.3433,11.898,10.0,5.0,mww,earthquake,"175 km SSW of Puerto El Triunfo, El Salvador",us,reviewed
us6000rcgd,1758689819027,2025-09-24T04:56:59.027Z,-69.1051,-23.8212,104.136,5.2,mww,earthquake,"132 km E of Antofagasta, Chile",us,reviewed
us6000rcin,1758720989955,2025-09-24T13:36:29.955Z,-25.4355,-58.0427,69.412,5.1,mb,earthquake,South Sandwich Islands region,us,reviewed
us6000rcnw,1758752515716,2025-09-24T22:21:55.716Z,-70.8781,9.8668,9.0,6.2,mww,earthquake,"5 km ENE of Mene Grande, Venezuela",us,reviewed
us6000rcqw,1758772299565,2025-09-25T03:51:39.565Z,-70.7081,9.9355,14.0,6.3,mww,earthquake,"25 km ENE of Mene Grande, Venezuela",us,reviewed
us6000rcqx,1758772462826,2025-09-25T03:54:22.826Z,154.9737,-9.9264,10.0,5.0,mww,earthquake,"287 km SW of Gizo, Solomon Islands",us,reviewed
us6000rcrj,1758783338881,2025-09-25T06:55:38.881Z,-70.7516,9.8621,12.195,5.3,mww,earthquake,"19 km E of Mene Grande, Venezuela",us,reviewed
us6000rcru,1758789749155,2025-09-25T08:42:29.155Z,141.975,11.657,69.685,5.1,mb,earthquake,"262 km NE of Fais, Micronesia",us,reviewed
us6000rcrx,1758790417644,2025-09-25T08:53:37.644Z,154.9354,-9.9392,10.0,5.1,mww,earthquake,"291 km SW of Gizo, Solomon Islands",us,reviewed
us6000rcry,1758791051319,2025-09-25T09:04:11.319Z,114.4692,-7.8439,10.0,5.2,mww,earthquake,"17 km NNE of Wongsorejo, Indonesia",us,reviewed
us6000rcsa,1758794391395,2025-09-25T09:59:51.395Z,160.2343,52.0856,35.0,5.2,mb,earthquake,"154 km SE of Petropavlovsk-Kamchatsky, Russia",us,reviewed
us6000rcsb,1758795384902,2025-09-25T10:16:24.902Z,-105.8786,17.9793,10.0,5.7,mww,earthquake,"183 km SSW of Emiliano Zapata, Mexico",us,reviewed
us6000rcse,1758795680343,2025-09-25T10:21:20.343Z,-105.9027,18.0806,10.0,5.3,mww,earthquake,"175 km SW of Emiliano Zapata, Mexico",us,reviewed
us6000rcvq,1758819729520,2025-09-25T17:02:09.520Z,-13.5011,-47.3231,10.0,5.1,mb,earthquake,southern Mid-Atlantic Ridge,us,reviewed
us6000rcw6,1758823175861,2025-09-25T17:59:35.861Z,-13.2132,-47.4197,10.0,5.2,mb,earthquake,southern Mid-Atlantic Ridge,us,reviewed
us6000rcw8,1758823903774,2025-09-25T18:11:43.774Z,-69.3111,-19.5368,108.677,5.3,mww,earthquake,"27 km SSE of Camiña, Chile",us,reviewed
us6000rcyv,1758842212037,2025-09-25T23:16:52.037Z,169.0959,-20.1733,49.94,5.4,mww,earthquake,"72 km SSW of Isangel, Vanuatu",us,reviewed
usd0013tws,1758842557003,2025-09-25T23:22:37.003Z,159.5784,51.3345,10.0,5.0,mb,earthquake,"194 km SSE of Vilyuchinsk, Russia",us,reviewed
us6000rd1t,1758868353959,2025-09-26T06:32:33.959Z,-173.558,-15.0755,10.0,5.1,mb,earthquake,"100 km NNE of Hihifo, Tonga",us,reviewed
us6000rd1w,1758869128067,2025-09-26T06:45:28.067Z,-127.3203,43.4524,10.0,5.9,mww,earthquake,"239 km W of Bandon, Oregon",us,reviewed
us6000rd8l,1758914963657,2025-09-26T19:29:23.657Z,160.1562,53.1416,53.071,5.0,mb,earthquake,"102 km E of Petropavlovsk-Kamchatsky, Russia",us,reviewed
us6000rd99,1758923398787,2025-09-26T21:49:58.787Z,104.589,34.9197,10.0,5.2,mww,earthquake,"18 km NW of Hualin, China",us,reviewed
us6000rdal,1758957900704,2025-09-27T07:25:00.704Z,157.9858,49.1839,10.0,5.1,mb,earthquake,"212 km SE of Severo-Kuril’sk, Russia",us,reviewed
us6000rdan,1758960648598,2025-09-27T08:10:48.598Z,166.7322,-13.6974,33.0,5.5,mww,earthquake,"90 km WNW of Sola, Vanuatu",us,reviewed
us6000rdax,1758964135147,2025-09-27T09:08:55.147Z,129.4774,-2.9387,19.328,5.1,mb,earthquake,"69 km NE of Masohi, Indonesia",us,reviewed
us6000rdb2,1758966567469,2025-09-27T09:49:27.469Z,169.0822,-19.6435,127.736,5.0,mb,earthquake,"23 km WSW of Isangel, Vanuatu",us,reviewed
us6000rdd9,1759011169601,2025-09-27T22:12:49.601Z,-127.2051,43.5197,10.0,5.1,mww,earthquake,"231 km W of Bandon, Oregon",us,reviewed
us6000rdex,1759049581242,2025-09-28T08:53:01.242Z,178.8114,-23.8765,573.583,5.5,mww,earthquake,south of the Fiji Islands,us,reviewed
us6000rdf2,1759053556543,2025-09-28T09:59:16.543Z,28.9377,39.238,10.0,5.2,mww,earthquake,"16 km NNW of Simav, Turkey",us,reviewed
us6000rdfv,1759069517642,2025-09-28T14:25:17.642Z,160.7563,53.0113,38.57,5.0,mb,earthquake,"142 km E of Petropavlovsk-Kamchatsky, Russia",us,reviewed
us6000rdgx,1759084883414,2025-09-28T18:41:23.414Z,166.3288,-11.687,68.03,5.2,mww,earthquake,"121 km SSE of Lata, Solomon Islands",us,reviewed
us6000rdjd,1759125462019,2025-09-29T05:57:42.019Z,-173.148,-20.9296,10.0,5.0,mb,earthquake,"176 km SE of Pangai, Tonga",us,reviewed
us6000rdnq,1759183643711,2025-09-29T22:07:23.711Z,159.9446,52.9637,42.0,5.5,mww,earthquake,"89 km E of Petropavlovsk-Kamchatsky, Russia",us,reviewed
us6000rdp3,1759186135474,2025-09-29T22:48:55.474Z,151.7219,-5.2422,78.563,5.0,mb,earthquake,"116 km SSW of Kokopo, Papua New Guinea",us,reviewed
us6000rdrz,1759240783328,2025-09-30T13:59:43.328Z,124.111,11.1557,10.0,6.9,mww,earthquake,"8 km ESE of Calape, Philippines",us,reviewed
us6000ripe,1759241285552,2025-09-30T14:08:05.552Z,123.9682,11.0233,10.0,5.1,mb,earthquake,"3 km SE of Maño, Philippines",us,reviewed
us6000rdsd,1759241578412,2025-09-30T14:12:58.412Z,124.1111,11.2131,10.0,5.2,mb,earthquake,"7 km ESE of Talisay, Philippines",us,reviewed
us6000riqd,1759241758396,2025-09-30T14:15:58.396Z,124.0449,11.0043,10.0,5.2,mb,earthquake,"1 km ENE of Anonang, Philippines",us,reviewed
us6000rdsg,1759242779959,2025-09-30T14:32:59.959Z,124.0458,11.0714,10.0,5.0,mb,earthquake,"2 km NNE of Nailong, Philippines",us,reviewed
us6000rdsi,1759243179100,2025-09-30T14:39:39.100Z,124.0141,10.9951,10.0,5.0,mb,earthquake,"1 km S of Guadalupe, Philippines",us,reviewed
us6000rdt9,1759250588150,2025-09-30T16:43:08.150Z,159.8164,51.6152,29.223,5.0,mb,earthquake,"175 km SSE of Vilyuchinsk, Russia",us,reviewed
us6000rdta,1759250983533,2025-09-30T16:49:43.533Z,114.1844,-7.2032,19.498,6.0,mww,earthquake,"31 km ESE of Kalianget, Indonesia",us,reviewed
us6000rdv8,1759254630104,2025-09-30T17:50:30.104Z,-175.1895,-23.1971,10.0,5.1,mb,earthquake,"206 km S of ‘Ohonua, Tonga",us,reviewed
us6000rdxa,1759274993887,2025-09-30T23:29:53.887Z,-177.583,-30.6419,9.38,5.2,mww,earthquake,"Kermadec Islands, New Zealand",us,reviewed
us6000rdz7,1759326589750,2025-10-01T13:49:49.750Z,128.3436,-7.322,146.835,5.6,mww,earthquake,"199 km NE of Lospalos, Timor Leste",us,reviewed
us6000re08,1759330018066,2025-10-01T14:46:58.066Z,124.1065,10.9333,10.0,5.1,mww,earthquake,"10 km SE of Anonang, Philippines",us,reviewed
us6000re62,1759401836217,2025-10-02T10:43:56.217Z,-71.8337,-30.6076,25.0,5.4,mww,earthquake,"60 km W of Ovalle, Chile",us,reviewed
us6000re6a,1759406103928,2025-10-02T11:55:03.928Z,27.9515,40.7641,10.0,5.0,mww,earthquake,"22 km S of Marmara Ereğlisi, Turkey",us,reviewed
us6000re6q,1759413632115,2025-10-02T14:00:32.115Z,167.4934,-15.2005,156.967,5.0,mb,earthquake,"48 km ESE of Port-Olry, Vanuatu",us,reviewed
us6000recq,1759437304521,2025-10-02T20:35:04.521Z,52.9715,33.8719,10.0,5.0,mww,earthquake,"78 km NE of Ardestān, Iran",us,reviewed
us6000recz,1759441077993,2025-10-02T21:37:57.993Z,-63.3875,-27.0643,559.2,5.7,mww,earthquake,"15 km WSW of El Hoyo, Argentina",us,reviewed
us6000red2,1759441195817,2025-10-02T21:39:55.817Z,124.2384,11.0024,10.0,5.3,mww,earthquake,"16 km WSW of Palompon, Philippines",us,reviewed
us6000redb,1759445105092,2025-10-02T22:45:05.092Z,136.3208,-3.1055,10.0,5.3,mww,earthquake,"95 km ENE of Nabire, Indonesia",us,reviewed
us6000ree9,1759459437455,2025-10-03T02:43:57.455Z,-175.2311,-24.0238,10.0,5.2,mb,earthquake,"298 km S of ‘Ohonua, Tonga",us,reviewed
us6000reep,1759465071706,2025-10-03T04:17:51.706Z,-43.7754,28.2537,10.0,5.1,mb,earthquake,northern Mid-Atlantic Ridge,us,reviewed
us6000reft,1759471358284,2025-10-03T06:02:38.284Z,136.2627,-3.033,10.0,5.1,mww,earthquake,"92 km ENE of Nabire, Indonesia",us,reviewed
us6000refw,1759472198083,2025-10-03T06:16:38.083Z,160.2479,52.0812,16.495,5.3,mww,earthquake,"155 km SE of Petropavlovsk-Kamchatsky, Russia",us,reviewed
us6000reh2,1759489399368,2025-10-03T11:03:19.368Z,101.266,-3.0811,61.92,5.1,mb,earthquake,"114 km S of Sungai Penuh, Indonesia",us,reviewed
us6000rehx,1759504561079,2025-10-03T15:16:01.079Z,151.4646,45.4798,38.589,5.1,mb,earthquake,"282 km E of Kuril’sk, Russia",us,reviewed
us6000rei1,1759507664844,2025-10-03T16:07:44.844Z,159.9083,51.6275,19.0,6.1,mww,earthquake,"177 km SE of Vilyuchinsk, Russia",us,reviewed
us6000rj51,1759507754656,2025-10-03T16:09:14.656Z,159.674,51.2975,10.0,5.0,mb,earthquake,"201 km SSE of Vilyuchinsk, Russia",us,reviewed
us6000rekc,1759508286335,2025-10-03T16:18:06.335Z,159.4575,51.8472,59.483,5.0,mb,earthquake,"140 km SSE of Vilyuchinsk, Russia",us,reviewed
us6000rekj,1759508812666,2025-10-03T16:26:52.666Z,-178.5892,-33.5996,15.196,5.2,mb,earthquake,south of the Kermadec Islands,us,reviewed
us6000ren8,1759523760976,2025-10-03T20:36:00.976Z,159.8462,51.5181,17.814,5.2,mww,earthquake,"185 km SSE of Vilyuchinsk, Russia",us,reviewed
us6000rerp,1759568523232,2025-10-04T09:02:03.232Z,-103.8947,8.3588,10.0,5.5,mww,earthquake,northern East Pacific Rise,us,reviewed
us6000rers,1759570878029,2025-10-04T09:41:18.029Z,123.9271,10.9009,10.0,5.0,mb,earthquake,"3 km E of Maravilla, Philippines",us,reviewed
us6000resn,1759591270042,2025-10-04T15:21:10.042Z,141.5524,37.4213,54.164,5.9,mww,earthquake,"48 km ENE of Tomioka, Japan",us,reviewed
us6000retl,1759599481617,2025-10-04T17:38:01.617Z,160.0753,51.6378,10.0,5.2,mww,earthquake,"183 km SE of Vilyuchinsk, Russia",us,reviewed
us6000revf,1759628070366,2025-10-05T01:34:30.366Z,156.441,48.8345,17.479,5.1,mww,earthquake,"205 km S of Severo-Kuril’sk, Russia",us,reviewed
us6000revn,1759628743770,2025-10-05T01:45:43.770Z,119.8944,18.1246,10.0,5.1,mb,earthquake,"62 km WNW of Pagsanahan Norte, Philippines",us,reviewed
us6000revx,1759630958888,2025-10-05T02:22:38.888Z,159.4512,51.8378,52.802,5.0,mb,earthquake,"140 km SSE of Vilyuchinsk, Russia",us,reviewed
us6000rewb,1759643596653,2025-10-05T05:53:16.653Z,159.8009,53.2862,60.403,5.1,mww,earthquake,"82 km ENE of Petropavlovsk-Kamchatsky, Russia",us,reviewed
us6000rex4,1759655295062,2025-10-05T09:08:15.062Z,-7.8738,71.2347,10.0,5.2,mww,earthquake,"46 km NE of Olonkinbyen, Svalbard and Jan Mayen",us,reviewed
us6000reyr,1759674721117,2025-10-05T14:32:01.117Z,-178.1479,-30.5725,89.964,5.0,mww,earthquake,"Kermadec Islands, New Zealand",us,reviewed
us6000reyz,1759676934631,2025-10-05T15:08:54.631Z,159.6253,51.4563,16.453,5.0,mww,earthquake,"184 km SSE of Vilyuchinsk, Russia",us,reviewed
us6000rez1,1759680090805,2025-10-05T16:01:30.805Z,159.5026,51.4361,35.0,5.0,mb,earthquake,"182 km SSE of Vilyuchinsk, Russia",us,reviewed
us6000rezl,1759692197988,2025-10-05T19:23:17.988Z,151.3523,-3.9128,10.0,5.1,mb,earthquake,"95 km WNW of Rabaul, Papua New Guinea",us,reviewed
us6000rf12,1759727403525,2025-10-06T05:10:03.525Z,-44.6913,13.3398,10.0,5.0,mb,earthquake,northern Mid-Atlantic Ridge,us,reviewed
us6000rf2j,1759752522490,2025-10-06T12:08:42.490Z,175.5205,-21.1011,581.934,5.6,mww,earthquake,south of the Fiji Islands,us,reviewed
us6000rf5e,1759771364324,2025-10-06T17:22:44.324Z,160.3388,52.4099,20.568,5.0,mb,earthquake,"136 km ESE of Petropavlovsk-Kamchatsky, Russia",us,reviewed
us6000rf7j,1759797024878,2025-10-07T00:30:24.878Z,141.2916,37.5736,57.767,5.1,mww,earthquake,"27 km ENE of Namie, Japan",us,reviewed
us6000rfb2,1759835117136,2025-10-07T11:05:17.136Z,146.8404,-6.7359,98.0,6.6,mww,earthquake,"17 km W of Lae, Papua New Guinea",us,reviewed
us6000rfbw,1759836928903,2025-10-07T11:35:28.903Z,69.6738,37.2837,10.0,5.1,mb,earthquake,"20 km SSE of Yangī Qal‘ah, Afghanistan",us,reviewed
us6000rfh7,1759873117225,2025-10-07T21:38:37.225Z,129.3659,29.2241,10.0,5.3,mww,earthquake,"88 km NNW of Tatsugō, Japan",us,reviewed
us6000rfhk,1759876577688,2025-10-07T22:36:17.688Z,168.1814,-15.5734,10.0,5.7,mww,earthquake,"100 km ENE of Norsup, Vanuatu",us,reviewed
us6000rfi6,1759881132499,2025-10-07T23:52:12.499Z,121.5836,23.9447,10.0,5.1,mb,earthquake,"4 km SSW of Hualien City, Taiwan",us,reviewed
us6000rfjc,1759895446776,2025-10-08T03:50:46.776Z,-24.2683,-57.744,10.0,5.6,mww,earthquake,South Sandwich Islands region,us,reviewed
us6000rfkv,1759918578201,2025-10-08T10:16:18.201Z,-92.0833,13.7787,10.0,5.0,mww,earthquake,"59 km SSW of Champerico, Guatemala",us,reviewed
us6000rfs1,1759987060662,2025-10-09T05:17:40.662Z,99.8979,30.8826,10.0,5.5,mww,earthquake,"208 km N of Daocheng, China",us,reviewed
us6000rft8,1760016172334,2025-10-09T13:22:52.334Z,-178.86,-33.9048,10.0,5.1,mb,earthquake,south of the Kermadec Islands,us,reviewed
us6000rft9,1760016524543,2025-10-09T13:28:44.543Z,158.2328,51.6683,56.51,6.1,mww,earthquake,"121 km E of Ozernovskiy, Russia",us,reviewed
us6000rfux,1760021107086,2025-10-09T14:45:07.086Z,14.4853,-52.099,10.0,5.1,mb,earthquake,southwest of Africa,us,reviewed
us6000rftu,1760022180142,2025-10-09T15:03:00.142Z,14.3795,-52.2527,10.0,5.4,mb,earthquake,southwest of Africa,us,reviewed
us6000rfwz,1760060639585,2025-10-10T01:43:59.585Z,126.6902,7.2866,59.425,7.4,mww,earthquake,"12 km E of Santiago, Philippines",us,reviewed
us6000rkp8,1760060986916,2025-10-10T01:49:46.916Z,126.7077,6.9709,81.914,5.3,mb,earthquake,"29 km SE of San Ignacio, Philippines",us,reviewed
us6000rknr,1760061038743,2025-10-10T01:50:38.743Z,126.7211,7.2686,68.117,5.3,mb,earthquake,"16 km E of Santiago, Philippines",us,reviewed
us6000rfx2,1760061075525,2025-10-10T01:51:15.525Z,126.8348,7.0654,63.43,5.9,mb,earthquake,"36 km ESE of Manay, Philippines",us,reviewed
us6000rfye,1760062090652,2025-10-10T02:08:10.652Z,147.9714,-3.0764,10.0,6.3,mww,earthquake,"139 km SE of Lorengau, Papua New Guinea",us,reviewed
us6000rfyw,1760062305318,2025-10-10T02:11:45.318Z,126.7102,7.0145,67.847,5.6,mb,earthquake,"27 km ESE of San Ignacio, Philippines",us,reviewed
us6000rg02,1760067136463,2025-10-10T03:32:16.463Z,126.8243,7.073,72.22,5.5,mb,earthquake,"35 km ESE of Manay, Philippines",us,reviewed
us6000rg11,1760075199784,2025-10-10T05:46:39.784Z,148.9694,-3.22,10.0,5.1,mb,earthquake,"215 km WSW of Kavieng, Papua New Guinea",us,reviewed
us6000rg0z,1760075265974,2025-10-10T05:47:45.974Z,127.1219,6.8257,58.864,5.2,mb,earthquake,"77 km ESE of San Ignacio, Philippines",us,reviewed
us6000rg16,1760075335559,2025-10-10T05:48:55.559Z,126.9556,6.8332,73.342,5.1,mb,earthquake,"60 km ESE of San Ignacio, Philippines",us,reviewed
us6000rg1n,1760081050705,2025-10-10T07:24:10.705Z,126.901,7.0926,62.976,5.2,mb,earthquake,"42 km ESE of Manay, Philippines",us,reviewed
us6000rg28,1760089411962,2025-10-10T09:43:31.962Z,126.9375,7.0462,62.913,5.2,mb,earthquake,"47 km ESE of Manay, Philippines",us,reviewed
us6000rg29,1760089420712,2025-10-10T09:43:40.712Z,141.6121,11.4783,10.0,5.4,mww,earthquake,"223 km NNE of Fais, Micronesia",us,reviewed
us6000rg2b,1760090462246,2025-10-10T10:01:02.246Z,127.0011,7.234,64.971,5.1,mb,earthquake,"47 km E of Santiago, Philippines",us,reviewed
us6000rg2a,1760090571532,2025-10-10T10:02:51.532Z,129.5203,-7.0057,159.477,5.4,mb,earthquake,"Kepulauan Babar, Indonesia",us,reviewed
us6000rg2h,1760091632735,2025-10-10T10:20:32.735Z,126.8402,7.147,64.234,5.0,mb,earthquake,"33 km ESE of Santiago, Philippines",us,reviewed
us6000rg2r,1760094725407,2025-10-10T11:12:05.407Z,126.6578,7.2127,47.0,6.7,mww,earthquake,"12 km SE of Santiago, Philippines",us,reviewed
us6000rg2s,1760094961408,2025-10-10T11:16:01.408Z,156.5865,50.3065,66.9,5.6,mb,earthquake,"52 km SE of Severo-Kuril’sk, Russia",us,reviewed
us6000rg47,1760096880739,2025-10-10T11:48:00.739Z,141.6391,11.5731,10.0,5.1,mb,earthquake,"234 km NNE of Fais, Micronesia",us,reviewed
us6000rg4m,1760100578214,2025-10-10T12:49:38.214Z,127.1939,7.0351,10.0,5.1,mb,earthquake,"74 km ESE of Santiago, Philippines",us,reviewed
us6000rgf4,1760128160075,2025-10-10T20:29:20.075Z,-61.8164,-60.1875,5.639,7.6,mww,earthquake,Drake Passage,us,reviewed
us6000rgga,1760130827768,2025-10-10T21:13:47.768Z,-61.6371,-59.9755,10.0,5.0,mb,earthquake,Drake Passage,us,reviewed
us6000rgge,1760131722322,2025-10-10T21:28:42.322Z,-62.3619,-60.0663,10.0,5.7,mb,earthquake,Drake Passage,us,reviewed
us6000rggf,1760132062633,2025-10-10T21:34:22.633Z,-62.4539,-60.0705,10.0,5.4,mb,earthquake,Drake Passage,us,reviewed
us6000rggi,1760134847659,2025-10-10T22:20:47.659Z,127.0323,7.3896,10.0,5.0,mb,earthquake,"49 km E of Baculin, Philippines",us,reviewed
us6000rghy,1760152124747,2025-10-11T03:08:44.747Z,159.6701,53.2897,75.086,5.7,mb,earthquake,"74 km ENE of Petropavlovsk-Kamchatsky, Russia",us,reviewed
us6000rgi0,1760152696154,2025-10-11T03:18:16.154Z,103.5002,27.0929,10.0,5.2,mb,earthquake,"32 km SW of Zhaotong, China",us,reviewed
us6000rgil,1760170004303,2025-10-11T08:06:44.303Z,-26.3886,-56.2003,51.03,5.5,mb,earthquake,South Sandwich Islands region,us,reviewed
us6000rgiz,1760175133084,2025-10-11T09:32:13.084Z,120.4215,15.2256,126.217,5.0,mb,earthquake,"11 km S of Santa Juliana, Philippines",us,reviewed
us6000rgj4,1760178440842,2025-10-11T10:27:20.842Z,126.8271,7.2849,31.0,5.5,mww,earthquake,"28 km E of Santiago, Philippines",us,reviewed
us6000rgjt,1760185556543,2025-10-11T12:25:56.543Z,156.7337,50.2419,48.0,5.8,mww,earthquake,"64 km SE of Severo-Kuril’sk, Russia",us,reviewed
us6000rgk9,1760188079404,2025-10-11T13:07:59.404Z,-26.4357,-56.2675,44.856,5.6,mb,earthquake,South Sandwich Islands region,us,reviewed
us6000rgkr,1760193179312,2025-10-11T14:32:59.312Z,126.323,8.9231,67.657,6.0,mww,earthquake,"3 km ESE of Bacolod, Philippines",us,reviewed
us6000rgl9,1760198519301,2025-10-11T16:01:59.301Z,39.9344,13.8273,10.0,5.2,mww,earthquake,"61 km NE of Mek'ele, Ethiopia",us,reviewed
us6000rglb,1760199505614,2025-10-11T16:18:25.614Z,39.8822,13.8064,10.0,5.6,mww,earthquake,"55 km NE of Mek'ele, Ethiopia",us,reviewed
us6000rglt,1760207376206,2025-10-11T18:29:36.206Z,-61.0851,-60.2434,10.0,5.0,mb,earthquake,Drake Passage,us,reviewed
us6000rgm5,1760210947577,2025-10-11T19:29:07.577Z,-34.1766,56.8317,10.0,5.0,mww,earthquake,Reykjanes Ridge,us,reviewed
us6000rgnr,1760238035575,2025-10-12T03:00:35.575Z,139.3183,-2.7234,44.942,5.0,mb,earthquake,"146 km W of Abepura, Indonesia",us,reviewed
us6000rgrd,1760288759511,2025-10-12T17:05:59.511Z,123.9606,10.9522,10.0,5.8,mww,earthquake,"4 km ESE of Tambongon, Philippines",us,reviewed
us6000rgt9,1760317785120,2025-10-13T01:09:45.120Z,157.9959,51.0955,55.324,5.1,mb,earthquake,"113 km ESE of Ozernovskiy, Russia",us,reviewed
us6000rgst,1760317817001,2025-10-13T01:10:17.001Z,154.9013,48.8917,60.257,5.5,mb,earthquake,"217 km SSW of Severo-Kuril’sk, Russia",us,reviewed
us6000rguc,1760346631800,2025-10-13T09:10:31.800Z,161.2607,-10.2715,108.087,5.0,mb,earthquake,"75 km WNW of Kirakira, Solomon Islands",us,reviewed
us6000rgul,1760353860607,2025-10-13T11:11:00.607Z,141.5991,7.2599,10.0,5.9,mww,earthquake,"State of Yap, Federated States of Micronesia",us,reviewed
us6000rgz6,1760407211014,2025-10-14T02:00:11.014Z,127.0611,7.3744,35.0,5.5,mww,earthquake,"53 km E of Baculin, Philippines",us,reviewed
us6000rh4q,1760461817378,2025-10-14T17:10:17.378Z,-68.9489,-20.2302,96.916,5.2,mww,earthquake,"74 km E of La Tirana, Chile",us,reviewed
us6000rh65,1760470361595,2025-10-14T19:32:41.595Z,153.9917,-3.7124,451.727,5.3,mww,earthquake,"203 km ENE of Kokopo, Papua New Guinea",us,reviewed
us6000rh8c,1760507823021,2025-10-15T05:57:03.021Z,159.893,51.49,10.0,5.0,mww,earthquake,"189 km SSE of Vilyuchinsk, Russia",us,reviewed
us6000rh9c,1760523729350,2025-10-15T10:22:09.350Z,141.5367,7.2572,10.0,5.4,mww,earthquake,"299 km SSE of Fais, Micronesia",us,reviewed
us6000rh9m,1760528619780,2025-10-15T11:43:39.780Z,-71.5158,-30.7202,37.151,5.6,mww,earthquake,"33 km WSW of Ovalle, Chile",us,reviewed
us6000rha2,1760533621330,2025-10-15T13:07:01.330Z,-178.7328,-34.0182,10.0,5.4,mww,earthquake,south of the Kermadec Islands,us,reviewed
us6000rhf2,1760578952311,2025-10-16T01:42:32.311Z,-61.8649,-59.9658,8.0,6.3,mww,earthquake,Drake Passage,us,reviewed
us6000rhfe,1760582736399,2025-10-16T02:45:36.399Z,-62.3668,-58.7138,10.0,5.2,mww,earthquake,Drake Passage,us,reviewed
us6000rhfx,1760590195461,2025-10-16T04:49:55.461Z,-62.0414,-60.2346,10.0,5.1,mb,earthquake,Drake Passage,us,reviewed
us6000rhg5,1760593732788,2025-10-16T05:48:52.788Z,138.9531,-2.168,18.0,6.4,mww,earthquake,"192 km WNW of Abepura, Indonesia",us,reviewed
us6000rhk2,1760630505966,2025-10-16T16:01:45.966Z,139.1037,-2.2304,35.0,5.0,mb,earthquake,"174 km WNW of Abepura, Indonesia",us,reviewed
us6000rhke,1760634181372,2025-10-16T17:03:01.372Z,139.1604,-2.1061,33.425,5.0,mww,earthquake,"172 km WNW of Abepura, Indonesia",us,reviewed
us6000rhnm,1760652623971,2025-10-16T22:10:23.971Z,92.5564,13.3577,15.163,5.0,mb,earthquake,"184 km N of Bamboo Flat, India",us,reviewed
us6000rhns,1760655792673,2025-10-16T23:03:12.673Z,126.1163,9.7909,32.0,6.0,mww,earthquake,"3 km N of Union, Philippines",us,reviewed
us6000rhnu,1760656037460,2025-10-16T23:07:17.460Z,178.8291,-23.3297,553.818,5.1,mb,earthquake,south of the Fiji Islands,us,reviewed
us6000rhpx,1760664358118,2025-10-17T01:25:58.118Z,159.8295,53.1938,68.877,5.1,mww,earthquake,"81 km E of Petropavlovsk-Kamchatsky, Russia",us,reviewed
us6000rhqe,1760674387501,2025-10-17T04:13:07.501Z,139.0248,-2.2666,46.31,5.1,mww,earthquake,"182 km WNW of Abepura, Indonesia",us,reviewed
us6000rhr9,1760688849798,2025-10-17T08:14:09.798Z,120.6453,18.6615,10.0,5.1,mb,earthquake,"18 km NW of Pagudpud, Philippines",us,reviewed
us6000rhs3,1760703303739,2025-10-17T12:15:03.739Z,72.8064,36.7572,8.0,5.5,mww,earthquake,"48 km ESE of Khandūd, Afghanistan",us,reviewed
us6000rhss,1760716129564,2025-10-17T15:48:49.564Z,-165.8432,53.688,85.097,5.1,mww,earthquake,"49 km S of Akutan, Alaska",us,reviewed
us6000ri11,1760790691933,2025-10-18T12:31:31.933Z,126.4567,8.883,55.726,5.4,mww,earthquake,"16 km E of Aras-asan, Philippines",us,reviewed
us6000ri22,1760810234117,2025-10-18T17:57:14.117Z,161.6857,53.3782,24.607,5.1,mww,earthquake,"207 km E of Petropavlovsk-Kamchatsky, Russia",us,reviewed
us6000ri34,1760837690816,2025-10-19T01:34:50.816Z,127.2611,6.9889,10.0,5.1,mww,earthquake,"82 km ESE of Santiago, Philippines",us,reviewed
us6000ri4c,1760858623782,2025-10-19T07:23:43.782Z,160.9628,52.357,10.0,5.0,mww,earthquake,"176 km ESE of Petropavlovsk-Kamchatsky, Russia",us,reviewed
us6000ri4e,1760858899118,2025-10-19T07:28:19.118Z,126.7054,6.4896,194.346,5.0,mb,earthquake,"59 km SE of Bobon, Philippines",us,reviewed
us6000ri4w,1760867745249,2025-10-19T09:55:45.249Z,155.6407,-7.0653,51.82,5.0,mb,earthquake,"84 km SSE of Panguna, Papua New Guinea",us,reviewed
us6000ri5v,1760882374282,2025-10-19T13:59:34.282Z,72.8741,36.8602,10.0,5.0,mb,earthquake,"50 km ESE of Khandūd, Afghanistan",us,reviewed
us6000ri6i,1760894060557,2025-10-19T17:14:20.557Z,161.5359,-10.5108,92.268,5.3,mww,earthquake,"42 km W of Kirakira, Solomon Islands",us,reviewed
us6000ri7x,1760916955486,2025-10-19T23:35:55.486Z,129.4134,-2.949,10.0,5.0,mb,earthquake,"62 km NE of Masohi, Indonesia",us,reviewed
us6000ri9x,1760960150891,2025-10-20T11:35:50.891Z,127.3725,6.9992,10.0,5.8,mww,earthquake,"93 km ESE of Santiago, Philippines",us,reviewed
us6000ribj,1760977008368,2025-10-20T16:16:48.368Z,122.4153,-7.2376,535.316,5.1,mww,earthquake,"154 km N of Maumere, Indonesia",us,reviewed
us6000ricg,1760987046258,2025-10-20T19:04:06.258Z,135.4764,35.458,360.075,5.1,mww,earthquake,"7 km WSW of Takahama, Japan",us,reviewed
us6000rid2,1760999430117,2025-10-20T22:30:30.117Z,153.1124,46.2204,10.0,5.0,mb,earthquake,Kuril Islands,us,reviewed
us6000rie8,1761018449769,2025-10-21T03:47:29.769Z,152.1862,-5.2595,60.841,5.0,mb,earthquake,"101 km S of Kokopo, Papua New Guinea",us,reviewed
us6000rii9,1761070268673,2025-10-21T18:11:08.673Z,-25.5829,-59.1087,84.863,5.2,mb,earthquake,South Sandwich Islands region,us,reviewed
us6000riia,1761070488925,2025-10-21T18:14:48.925Z,71.1564,36.6073,237.514,5.1,mww,earthquake,"34 km WSW of Ashkāsham, Afghanistan",us,reviewed
us6000riiz,1761076925120,2025-10-21T20:02:05.120Z,-178.5047,-33.6674,10.0,5.1,mww,earthquake,south of the Kermadec Islands,us,reviewed
us6000rik5,1761089828496,2025-10-21T23:37:08.496Z,159.095,52.6073,67.966,5.1,mww,earthquake,"58 km SE of Vilyuchinsk, Russia",us,reviewed
us6000rik7,1761091544495,2025-10-22T00:05:44.495Z,-79.8408,-3.6137,77.13,5.5,mww,earthquake,"19 km WNW of Piñas, Ecuador",us,reviewed
us6000ril5,1761105425548,2025-10-22T03:57:05.548Z,-84.2408,9.2522,20.0,5.9,mww,earthquake,"21 km SSW of Quepos, Costa Rica",us,reviewed
us6000rimh,1761124034024,2025-10-22T09:07:14.024Z,126.3719,-3.97,10.0,5.0,mb,earthquake,"203 km W of Ambon, Indonesia",us,reviewed
us6000risn,1761186688443,2025-10-23T02:31:28.443Z,159.4696,51.4164,16.0,5.6,mww,earthquake,"183 km SSE of Vilyuchinsk, Russia",us,reviewed
us6000rit3,1761192421551,2025-10-23T04:07:01.551Z,148.3083,-6.6341,61.786,5.2,mb,earthquake,"51 km E of Finschhafen, Papua New Guinea",us,reviewed
us6000ritz,1761196839538,2025-10-23T05:20:39.538Z,161.1285,-10.2765,71.424,5.2,mb,earthquake,"88 km WNW of Kirakira, Solomon Islands",us,reviewed
us6000riuj,1761219969743,2025-10-23T11:46:09.743Z,130.9239,-6.2493,85.0,5.6,mww,earthquake,"213 km WSW of Tual, Indonesia",us,reviewed
us6000rivm,1761229513218,2025-10-23T14:25:13.218Z,-58.1972,-54.0502,10.0,5.0,mb,earthquake,Falkland Islands region,us,reviewed
us6000rj1k,1761269210939,2025-10-24T01:26:50.939Z,-27.8538,-55.9421,106.301,5.1,mb,earthquake,South Sandwich Islands region,us,reviewed
us6000rj23,1761281195220,2025-10-24T04:46:35.220Z,123.7428,-8.8044,109.792,5.1,mb,earthquake,"82 km WNW of Pante Makasar, Timor Leste",us,reviewed
us6000rj2t,1761294700985,2025-10-24T08:31:40.985Z,-179.4478,-35.7158,10.0,5.0,mww,earthquake,"290 km NE of Hicks Bay, New Zealand",us,reviewed
us6000rj79,1761321939473,2025-10-24T16:05:39.473Z,126.6291,7.9787,65.066,5.0,mb,earthquake,"20 km E of Santa Maria, Philippines",us,reviewed
us6000rj9f,1761324009289,2025-10-24T16:40:09.289Z,145.7509,42.9716,34.0,5.7,mww,earthquake,"41 km SSE of Nemuro, Japan",us,reviewed
us6000rje7,1761374041147,2025-10-25T06:34:01.147Z,-131.7601,71.6491,10.0,5.3,mww,earthquake,Beaufort Sea,us,reviewed
us6000rjf1,1761390788373,2025-10-25T11:13:08.373Z,156.0133,49.9754,60.22,5.3,mww,earthquake,"78 km S of Severo-Kuril’sk, Russia",us,reviewed
us6000rjf6,1761392723099,2025-10-25T11:45:23.099Z,130.9954,43.0876,561.251,5.2,mb,earthquake,"40 km NW of Slavyanka, Russia",us,reviewed
us6000rjgf,1761409874178,2025-10-25T16:31:14.178Z,96.7593,-45.2564,10.0,5.3,mww,earthquake,southeast Indian Ridge,us,reviewed
us6000rjgm,1761413375799,2025-10-25T17:29:35.799Z,-77.5614,-45.6919,10.0,5.2,mww,earthquake,"Off the coast of Aisen, Chile",us,reviewed
us6000rnb7,1761413744687,2025-10-25T17:35:44.687Z,-27.1808,-55.7298,79.904,5.1,mb,earthquake,South Sandwich Islands region,us,reviewed
us6000rjhm,1761434882544,2025-10-25T23:28:02.544Z,166.4018,-12.3757,34.0,6.0,mww,earthquake,"194 km SSE of Lata, Solomon Islands",us,reviewed
us6000rjhy,1761438355991,2025-10-26T00:25:55.991Z,126.8975,7.0726,68.326,5.0,mb,earthquake,"42 km ESE of Manay, Philippines",us,reviewed
us6000rjkv,1761498265617,2025-10-26T17:04:25.617Z,123.9887,-8.8524,75.0,6.2,mww,earthquake,"57 km NW of Pante Makasar, Timor Leste",us,reviewed
us6000rjnc,1761522445131,2025-10-26T23:47:25.131Z,-96.0045,-36.9573,10.0,5.1,mww,earthquake,West Chile Rise,us,reviewed
us6000rjq8,1761568720364,2025-10-27T12:38:40.364Z,-59.5574,16.5419,9.0,6.5,mww,earthquake,"164 km E of Beauséjour, Guadeloupe",us,reviewed
us6000rnt6,1761569187773,2025-10-27T12:46:27.773Z,-59.5812,16.4789,10.0,5.2,mb,earthquake,"160 km E of Beauséjour, Guadeloupe",us,reviewed
us6000rjqj,1761569699210,2025-10-27T12:54:59.210Z,-59.5269,16.5156,10.0,5.7,mww,earthquake,"166 km E of Beauséjour, Guadeloupe",us,reviewed
us6000rjr7,1761571611532,2025-10-27T13:26:51.532Z,-59.6184,16.5098,10.0,5.4,mww,earthquake,"157 km E of Beauséjour, Guadeloupe",us,reviewed
us6000rjri,1761575373501,2025-10-27T14:29:33.501Z,151.8029,-6.2163,10.0,5.3,mb,earthquake,"198 km ESE of Kimbe, Papua New Guinea",us,reviewed
us6000rjsu,1761594508767,2025-10-27T19:48:28.767Z,28.2425,39.1937,8.0,6.0,mww,earthquake,"7 km SE of Sındırgı, Turkey",us,reviewed
us6000rjtw,1761608113410,2025-10-27T23:35:13.410Z,95.9794,4.9458,10.0,5.1,mb,earthquake,"45 km SW of Reuleuet, Indonesia",us,reviewed
us6000rju9,1761615080938,2025-10-28T01:31:20.938Z,121.784,1.2494,26.445,5.1,mww,earthquake,"162 km WNW of Gorontalo, Indonesia",us,reviewed
us6000rjvf,1761635184029,2025-10-28T07:06:24.029Z,157.3965,50.2426,31.0,5.6,mww,earthquake,"102 km ESE of Severo-Kuril’sk, Russia",us,reviewed
us6000rjwa,1761642829575,2025-10-28T09:13:49.575Z,154.7994,-6.6097,25.472,5.0,mb,earthquake,"82 km WSW of Panguna, Papua New Guinea",us,reviewed
us6000rjx3,1761662418481,2025-10-28T14:40:18.481Z,129.9887,-6.7001,142.0,6.4,mww,earthquake,Banda Sea,us,reviewed
us6000rk4f,1761718605105,2025-10-29T06:16:45.105Z,-12.216,-47.2049,10.0,5.5,mww,earthquake,southern Mid-Atlantic Ridge,us,reviewed
us6000rk4j,1761720995236,2025-10-29T06:56:35.236Z,159.8402,51.5399,10.0,5.1,mb,earthquake,"183 km SSE of Vilyuchinsk, Russia",us,reviewed
us6000rk5r,1761746423094,2025-10-29T14:00:23.094Z,-129.6821,44.381,10.0,5.4,mww,earthquake,off the coast of Oregon,us,reviewed
us6000rk65,1761756389853,2025-10-29T16:46:29.853Z,-17.2809,64.6209,10.0,5.4,mww,earthquake,"107 km WNW of Höfn, Iceland",us,reviewed
us6000rkbr,1761806381610,2025-10-30T06:39:41.610Z,-26.3445,-55.7247,10.0,5.0,mb,earthquake,South Sandwich Islands region,us,reviewed
us6000rkbx,1761811441721,2025-10-30T08:04:01.721Z,139.3141,-2.842,38.481,5.0,mb,earthquake,"149 km W of Abepura, Indonesia",us,reviewed
us6000rkc0,1761814324371,2025-10-30T08:52:04.371Z,-178.3345,-27.447,288.531,5.5,mww,earthquake,Kermadec Islands region,us,reviewed
ak025dxe5mlz,1761845594566,2025-10-30T17:33:14.566Z,-150.2328,59.6308,23.6,5.4,ml,earthquake,"48 km ESE of Fox River, Alaska",ak,reviewed
us6000rkpc,1761933401556,2025-10-31T17:56:41.556Z,179.9604,-23.433,529.356,5.4,mww,earthquake,south of the Fiji Islands,us,reviewed
us6000rksu,1761939018479,2025-10-31T19:30:18.479Z,-26.3589,-59.5973,109.83,5.2,mb,earthquake,South Sandwich Islands region,us,reviewed
us6000rktg,1761944004349,2025-10-31T20:53:24.349Z,96.8417,-45.2902,8.0,5.9,mww,earthquake,southeast Indian Ridge,us,reviewed
us6000rkum,1761945668242,2025-10-31T21:21:08.242Z,127.2399,6.1102,35.0,5.0,mb,earthquake,"120 km ESE of Pondaguitan, Philippines",us,reviewed
us6000rkup,1761946068004,2025-10-31T21:27:48.004Z,127.1014,7.0627,10.0,5.1,mb,earthquake,"63 km ESE of Santiago, Philippines",us,reviewed
us6000rkvx,1761959817309,2025-11-01T01:16:57.309Z,-26.8773,-55.6133,10.0,5.0,mb,earthquake,South Sandwich Islands region,us,reviewed
us6000rkw7,1761961883344,2025-11-01T01:51:23.344Z,-26.6984,-55.5579,10.0,5.2,mb,earthquake,South Sandwich Islands region,us,reviewed
us6000rkx8,1761990600121,2025-11-01T09:50:00.121Z,151.4279,-3.8638,10.0,5.0,mww,earthquake,"89 km WNW of Rabaul, Papua New Guinea",us,reviewed
us6000rkyf,1762023836053,2025-11-01T19:03:56.053Z,70.006,37.3274,10.0,5.0,mb,earthquake,"27 km NE of Rustāq, Afghanistan",us,reviewed
us6000rkzk,1762042591006,2025-11-02T00:16:31.006Z,-61.9887,-60.0526,10.0,5.0,mb,earthquake,Drake Passage,us,reviewed
us6000rkzu,1762052958444,2025-11-02T03:09:18.444Z,127.6454,-7.5821,148.845,5.2,mww,earthquake,"126 km NE of Lospalos, Timor Leste",us,reviewed
us6000rpke,1762108820790,2025-11-02T18:40:20.790Z,-91.9921,-40.9692,10.0,5.3,mww,earthquake,West Chile Rise,us,reviewed
us6000rl2n,1762110413955,2025-11-02T19:06:53.955Z,122.7895,9.6799,114.908,5.5,mww,earthquake,"13 km WSW of Mabinay, Philippines",us,reviewed
us6000rl31,1762115342008,2025-11-02T20:29:02.008Z,67.3886,36.5461,28.0,6.2,mww,earthquake,"30 km SE of Mazār-e Sharīf, Afghanistan",us,reviewed
us6000rl3f,1762121414010,2025-11-02T22:10:14.010Z,169.6761,-19.75,241.798,5.0,mb,earthquake,"47 km ESE of Isangel, Vanuatu",us,reviewed
us6000rl3p,1762125570235,2025-11-02T23:19:30.235Z,-94.1975,17.7821,188.331,5.0,mb,earthquake,"17 km SW of Las Choapas, Mexico",us,reviewed
us6000rl49,1762142106851,2025-11-03T03:55:06.851Z,155.7956,49.8704,77.137,5.2,mb,earthquake,"92 km SSW of Severo-Kuril’sk, Russia",us,reviewed
us6000rl4e,1762143685957,2025-11-03T04:21:25.957Z,125.3874,4.8116,26.7,5.3,mww,earthquake,"65 km S of Sarangani, Philippines",us,reviewed
us6000rpls,1762143770570,2025-11-03T04:22:50.570Z,125.2351,5.11,10.0,5.1,mb,earthquake,"41 km SW of Sarangani, Philippines",us,reviewed
us6000rl55,1762153824638,2025-11-03T07:10:24.638Z,160.0415,52.2583,22.0,5.9,mww,earthquake,"131 km SE of Petropavlovsk-Kamchatsky, Russia",us,reviewed
us6000rpn4,1762153874515,2025-11-03T07:11:14.515Z,160.2121,52.1303,35.0,5.7,mb,earthquake,"149 km SE of Petropavlovsk-Kamchatsky, Russia",us,reviewed
us6000rl5i,1762159483281,2025-11-03T08:44:43.281Z,160.2108,52.2143,29.0,6.1,mww,earthquake,"142 km SE of Petropavlovsk-Kamchatsky, Russia",us,reviewed
us6000rl63,1762169639935,2025-11-03T11:33:59.935Z,160.3621,52.365,10.0,5.0,mb,earthquake,"140 km SE of Petropavlovsk-Kamchatsky, Russia",us,reviewed
us6000rl65,1762169868795,2025-11-03T11:37:48.795Z,160.6214,52.2507,10.0,5.1,mb,earthquake,"162 km SE of Petropavlovsk-Kamchatsky, Russia",us,reviewed
us6000rl6n,1762173337219,2025-11-03T12:35:37.219Z,28.4156,39.1744,10.0,5.0,mww,earthquake,"21 km ESE of Sındırgı, Turkey",us,reviewed
us6000rl7b,1762185114851,2025-11-03T15:51:54.851Z,-71.4617,-27.4251,24.772,5.5,mww,earthquake,"111 km W of Copiapó, Chile",us,reviewed
us6000rl7l,1762188863256,2025-11-03T16:54:23.256Z,160.7429,52.0906,35.0,5.1,mb,earthquake,"179 km SE of Petropavlovsk-Kamchatsky, Russia",us,reviewed
us6000rl85,1762197364637,2025-11-03T19:16:04.637Z,143.6134,39.353,10.0,5.2,mww,earthquake,"143 km E of Yamada, Japan",us,reviewed
us6000rl8b,1762198733920,2025-11-03T19:38:53.920Z,158.237,51.7565,68.205,5.3,mww,earthquake,"123 km ENE of Ozernovskiy, Russia",us,reviewed
us6000rlb7,1762226453547,2025-11-04T03:20:53.547Z,-26.7427,-55.7465,18.704,5.1,mb,earthquake,South Sandwich Islands region,us,reviewed
us6000rlbb,1762227365768,2025-11-04T03:36:05.768Z,160.2938,52.3281,17.499,5.1,mb,earthquake,"139 km SE of Petropavlovsk-Kamchatsky, Russia",us,reviewed
us6000rlbe,1762227909865,2025-11-04T03:45:09.865Z,160.4064,52.1744,20.0,5.9,mww,earthquake,"155 km SE of Petropavlovsk-Kamchatsky, Russia",us,reviewed
us6000rlbf,1762228696679,2025-11-04T03:58:16.679Z,160.2458,52.2472,35.0,5.3,mb,earthquake,"142 km SE of Petropavlovsk-Kamchatsky, Russia",us,reviewed
us6000rlbm,1762231528458,2025-11-04T04:45:28.458Z,160.2958,52.3774,10.0,5.5,mww,earthquake,"136 km SE of Petropavlovsk-Kamchatsky, Russia",us,reviewed
us6000rlmj,1762231627619,2025-11-04T04:47:07.619Z,159.0738,52.7891,104.367,5.1,mb,earthquake,"42 km SE of Petropavlovsk-Kamchatsky, Russia",us,reviewed
us6000rlbr,1762233184931,2025-11-04T05:13:04.931Z,148.8839,-5.8087,123.391,5.0,mb,earthquake,"85 km WNW of Kandrian, Papua New Guinea",us,reviewed
us6000rlbt,1762233281868,2025-11-04T05:14:41.868Z,160.2217,51.5601,10.0,5.0,mb,earthquake,"196 km SE of Vilyuchinsk, Russia",us,reviewed
us6000rlc2,1762234174232,2025-11-04T05:29:34.232Z,160.4641,52.2876,10.0,5.0,mb,earthquake,"151 km SE of Petropavlovsk-Kamchatsky, Russia",us,reviewed
us6000rlc6,1762237703703,2025-11-04T06:28:23.703Z,160.4139,52.215,10.0,5.4,mww,earthquake,"153 km SE of Petropavlovsk-Kamchatsky, Russia",us,reviewed
us6000rlcd,1762241842906,2025-11-04T07:37:22.906Z,143.1427,12.3924,65.0,6.0,mww,earthquake,"191 km WSW of Merizo Village, Guam",us,reviewed
us6000rlev,1762271906848,2025-11-04T15:58:26.848Z,126.9332,1.8189,65.997,5.2,mww,earthquake,"120 km W of Tobelo, Indonesia",us,reviewed
us6000rli8,1762291775935,2025-11-04T21:29:35.935Z,139.0342,-2.1326,35.0,5.0,mb,earthquake,"185 km WNW of Abepura, Indonesia",us,reviewed
us6000rlik,1762298939236,2025-11-04T23:28:59.236Z,160.1897,52.1115,28.0,6.0,mww,earthquake,"149 km SE of Petropavlovsk-Kamchatsky, Russia",us,reviewed
us6000rlim,1762299142984,2025-11-04T23:32:22.984Z,123.0647,-0.1246,114.629,5.9,mww,earthquake,"73 km S of Gorontalo, Indonesia",us,reviewed
us6000rlji,1762300167228,2025-11-04T23:49:27.228Z,155.8574,49.7248,71.01,5.7,mww,earthquake,"107 km S of Severo-Kuril’sk, Russia",us,reviewed
us6000rlk8,1762302784808,2025-11-05T00:33:04.808Z,-105.9731,-35.243,10.0,5.1,mb,earthquake,southern East Pacific Rise,us,reviewed
us6000rlkl,1762307311492,2025-11-05T01:48:31.492Z,-105.7786,-35.3807,10.0,5.0,mb,earthquake,southern East Pacific Rise,us,reviewed
us6000rls2,1762380227470,2025-11-05T22:03:47.470Z,-25.2205,-57.9633,23.0,5.6,mww,earthquake,South Sandwich Islands region,us,reviewed
us6000rm25,1762502733696,2025-11-07T08:05:33.696Z,160.5011,52.0683,20.156,5.1,mww,earthquake,"168 km SE of Petropavlovsk-Kamchatsky, Russia",us,reviewed
us6000rm2p,1762517070070,2025-11-07T12:04:30.070Z,-111.8864,27.9293,10.0,5.6,mww,earthquake,"75 km NNE of Santa Rosalía, Mexico",us,reviewed
us6000rm79,1762557660299,2025-11-07T23:21:00.299Z,-16.221,-17.5274,10.0,5.0,mb,earthquake,southern Mid-Atlantic Ridge,us,reviewed
us6000rm7z,1762575303680,2025-11-08T04:15:03.680Z,-177.797,-18.5156,496.098,5.6,mww,earthquake,Fiji region,us,reviewed
us6000rmag,1762633758808,2025-11-08T20:29:18.808Z,143.2912,39.5743,30.032,5.2,mww,earthquake,"115 km E of Yamada, Japan",us,reviewed
us6000rmai,1762635857334,2025-11-08T21:04:17.334Z,143.3379,39.4294,12.152,5.4,mww,earthquake,"119 km E of Yamada, Japan",us,reviewed
us6000rmat,1762639336834,2025-11-08T22:02:16.834Z,-172.2452,-17.4718,10.0,5.0,mb,earthquake,"225 km NE of Neiafu, Tonga",us,reviewed
us6000rmaw,1762640108771,2025-11-08T22:15:08.771Z,143.416,39.5022,16.186,5.6,mww,earthquake,"126 km E of Yamada, Japan",us,reviewed
us6000rmb3,1762641229134,2025-11-08T22:33:49.134Z,143.3033,39.4961,28.922,5.1,mww,earthquake,"116 km E of Yamada, Japan",us,reviewed
us6000rmbc,1762647450660,2025-11-09T00:17:30.660Z,143.3326,39.448,13.902,5.1,mww,earthquake,"119 km E of Yamada, Japan",us,reviewed
us6000rmdj,1762670311475,2025-11-09T06:38:31.475Z,93.7511,12.4989,132.652,5.4,mww,earthquake,"143 km NE of Port Blair, India",us,reviewed
us6000rmea,1762675419367,2025-11-09T08:03:39.367Z,143.3782,39.485,18.0,6.8,mww,earthquake,"122 km E of Yamada, Japan",us,reviewed
us7000redx,1762675676065,2025-11-09T08:07:56.065Z,143.3411,39.6279,20.53,5.3,mb,earthquake,"120 km E of Miyako, Japan",us,reviewed
us6000rmee,1762675885423,2025-11-09T08:11:25.423Z,143.2297,39.5772,10.0,5.5,mb,earthquake,"110 km E of Yamada, Japan",us,reviewed
us6000rmed,1762676092924,2025-11-09T08:14:52.924Z,143.4026,39.3485,10.0,5.9,mww,earthquake,"125 km E of Yamada, Japan",us,reviewed
us6000rmeh,1762677241979,2025-11-09T08:34:01.979Z,143.3924,39.4599,10.0,5.6,mww,earthquake,"124 km E of Yamada, Japan",us,reviewed
us6000rmen,1762678190012,2025-11-09T08:49:50.012Z,143.4619,39.3052,10.0,5.2,mb,earthquake,"131 km E of Yamada, Japan",us,reviewed
us6000rmep,1762678476914,2025-11-09T08:54:36.914Z,143.3097,39.4971,10.0,6.4,mww,earthquake,"117 km E of Yamada, Japan",us,reviewed
us6000rmet,1762679447434,2025-11-09T09:10:47.434Z,143.385,39.4919,10.0,5.4,mww,earthquake,"123 km E of Yamada, Japan",us,reviewed
us6000rmf3,1762679817896,2025-11-09T09:16:57.896Z,143.3524,39.3415,10.0,5.0,mb,earthquake,"121 km E of Yamada, Japan",us,reviewed
us6000rmex,1762680504098,2025-11-09T09:28:24.098Z,143.4497,39.612,10.0,5.7,mww,earthquake,"129 km E of Miyako, Japan",us,reviewed
us6000rmf1,1762681963025,2025-11-09T09:52:43.025Z,143.4882,39.3819,10.0,5.1,mb,earthquake,"132 km E of Yamada, Japan",us,reviewed
us6000rmfd,1762686684828,2025-11-09T11:11:24.828Z,143.5875,39.3041,10.0,5.2,mb,earthquake,"142 km E of Yamada, Japan",us,reviewed
us6000rmfg,1762686828507,2025-11-09T11:13:48.507Z,159.5788,51.5504,27.718,5.3,mb,earthquake,"173 km SSE of Vilyuchinsk, Russia",us,reviewed
us6000rmge,1762701696384,2025-11-09T15:21:36.384Z,-128.4853,-55.4099,10.0,5.6,mww,earthquake,Pacific-Antarctic Ridge,us,reviewed
us6000rmgi,1762703206570,2025-11-09T15:46:46.570Z,143.3113,39.5017,10.0,5.0,mb,earthquake,"117 km E of Yamada, Japan",us,reviewed
us6000rmi6,1762725854977,2025-11-09T22:04:14.977Z,143.6209,39.3574,15.387,5.1,mww,earthquake,"144 km E of Yamada, Japan",us,reviewed
us6000rmia,1762728818316,2025-11-09T22:53:38.316Z,144.8924,13.7161,106.009,5.3,mww,earthquake,"19 km N of Yigo Village, Guam",us,reviewed
us6000rmj3,1762737651276,2025-11-10T01:20:51.276Z,143.5133,39.2464,9.114,5.3,mww,earthquake,"136 km E of Yamada, Japan",us,reviewed
us6000rmjg,1762743618485,2025-11-10T03:00:18.485Z,143.0813,39.2059,10.0,5.4,mww,earthquake,"101 km ESE of Yamada, Japan",us,reviewed
us6000rmjr,1762750848113,2025-11-10T05:00:48.113Z,120.6686,23.1183,10.0,5.1,mb,earthquake,"21 km E of Yujing, Taiwan",us,reviewed
us6000rmk1,1762759335032,2025-11-10T07:22:15.032Z,143.5899,39.5838,10.0,5.1,mb,earthquake,"141 km E of Yamada, Japan",us,reviewed
us6000rmk2,1762759397302,2025-11-10T07:23:17.302Z,143.4526,39.5665,11.0,6.0,mww,earthquake,"129 km E of Yamada, Japan",us,reviewed
us6000rmkf,1762768739310,2025-11-10T09:58:59.310Z,143.2329,39.5843,13.724,5.1,mww,earthquake,"111 km E of Yamada, Japan",us,reviewed
us6000rmki,1762771770720,2025-11-10T10:49:30.720Z,-70.4225,-23.4587,52.408,5.4,mww,earthquake,"21 km N of Antofagasta, Chile",us,reviewed
us6000rmuu,1762896211019,2025-11-11T21:23:31.019Z,133.9041,-5.339,10.0,5.1,mb,earthquake,"131 km ENE of Tual, Indonesia",us,reviewed
us6000rmvh,1762907362782,2025-11-12T00:29:22.782Z,143.2245,39.8001,35.0,5.3,mww,earthquake,"111 km E of Miyako, Japan",us,reviewed
us6000rmwc,1762917814193,2025-11-12T03:23:34.193Z,145.6205,-5.9241,106.473,5.1,mb,earthquake,"31 km NE of Goroka, Papua New Guinea",us,reviewed
us6000rmwh,1762921382075,2025-11-12T04:23:02.075Z,-27.0243,-55.2986,10.0,5.0,mb,earthquake,South Sandwich Islands region,us,reviewed
us6000rmwv,1762927409115,2025-11-12T06:03:29.115Z,6.4773,73.1876,10.0,5.7,mww,earthquake,Greenland Sea,us,reviewed
us6000rmxj,1762939887046,2025-11-12T09:31:27.046Z,32.5325,34.8976,19.682,5.2,mww,earthquake,"2 km ENE of Polémi, Cyprus",us,reviewed
us6000rmxz,1762948942878,2025-11-12T12:02:22.878Z,121.0522,20.9127,26.785,5.1,mb,earthquake,"108 km WNW of Basco, Philippines",us,reviewed
us6000rmyh,1762957411181,2025-11-12T14:23:31.181Z,32.5546,34.9226,10.0,5.3,mww,earthquake,"5 km NE of Polémi, Cyprus",us,reviewed
us6000rn27,1763004662291,2025-11-13T03:31:02.291Z,127.8816,4.0476,122.899,5.1,mb,earthquake,"256 km N of Tobelo, Indonesia",us,reviewed
us6000rn4x,1763026889102,2025-11-13T09:41:29.102Z,-142.1304,-56.8484,10.0,5.7,mww,earthquake,Pacific-Antarctic Ridge,us,reviewed
us6000rn50,1763063881308,2025-11-13T19:58:01.308Z,143.5312,39.3076,10.0,5.2,mww,earthquake,"137 km E of Yamada, Japan",us,reviewed
us6000rn6f,1763081157884,2025-11-14T00:45:57.884Z,-34.0141,6.9817,10.0,5.0,mb,earthquake,central Mid-Atlantic Ridge,us,reviewed
us6000rn8e,1763120022700,2025-11-14T11:33:42.700Z,158.3195,50.386,10.0,5.1,mww,earthquake,"158 km ESE of Severo-Kuril’sk, Russia",us,reviewed
us6000rnd3,1763147344006,2025-11-14T19:09:04.006Z,-175.6983,-15.3422,5.177,5.7,mww,earthquake,"214 km WNW of Hihifo, Tonga",us,reviewed
us6000rneu,1763184810479,2025-11-15T05:33:30.479Z,126.6366,4.0236,35.0,5.3,mww,earthquake,"200 km SE of Sarangani, Philippines",us,reviewed
us6000rnf6,1763187237714,2025-11-15T06:13:57.714Z,-71.5282,-28.8239,31.144,5.0,mww,earthquake,"79 km WSW of Vallenar, Chile",us,reviewed
us6000rnm8,1763318923391,2025-11-16T18:48:43.391Z,157.8965,49.1306,10.0,5.1,mb,earthquake,"213 km SE of Severo-Kuril’sk, Russia",us,reviewed
us6000rnmz,1763329154924,2025-11-16T21:39:14.924Z,-175.1089,-22.5156,10.0,5.0,mb,earthquake,"130 km S of ‘Ohonua, Tonga",us,reviewed
us6000rnmy,1763329449573,2025-11-16T21:44:09.573Z,-109.0053,19.5027,10.0,5.2,mww,earthquake,Revilla Gigedo Islands region,us,reviewed
us6000rnnl,1763340377686,2025-11-17T00:46:17.686Z,-106.3259,-11.0486,10.0,5.0,mb,earthquake,central East Pacific Rise,us,reviewed
us6000rnq7,1763372912062,2025-11-17T09:48:32.062Z,159.5878,-61.132,10.0,5.1,mb,earthquake,Balleny Islands region,us,reviewed
us6000rnql,1763381557099,2025-11-17T12:12:37.099Z,124.0622,0.0862,110.485,5.3,mww,earthquake,"58 km SW of Modisi, Indonesia",us,reviewed
us6000rnrz,1763400183435,2025-11-17T17:23:03.435Z,-86.5275,12.0939,124.311,5.2,mww,earthquake,"12 km N of Villa El Carmen, Nicaragua",us,reviewed
us6000rntu,1763406393260,2025-11-17T19:06:33.260Z,143.2167,39.7639,17.622,5.2,mww,earthquake,"110 km E of Miyako, Japan",us,reviewed
us6000rnxp,1763480129938,2025-11-18T15:35:29.938Z,65.7464,-11.981,10.0,5.3,mww,earthquake,Mid-Indian Ridge,us,reviewed
us6000rp1a,1763505393063,2025-11-18T22:36:33.063Z,-84.0117,8.8279,10.0,5.5,mww,earthquake,"55 km WSW of Puerto Cortés, Costa Rica",us,reviewed
us6000rp2d,1763516334364,2025-11-19T01:38:54.364Z,-62.7828,10.9296,122.292,5.0,mww,earthquake,"40 km N of Yaguaraparo, Venezuela",us,reviewed
us6000rp2h,1763518999086,2025-11-19T02:23:19.086Z,143.4481,39.216,10.0,5.0,mb,earthquake,"132 km ESE of Yamada, Japan",us,reviewed
us6000rp3h,1763534340968,2025-11-19T06:39:00.968Z,-75.3162,-37.9342,10.0,5.0,mww,earthquake,"150 km WSW of Lebu, Chile",us,reviewed
us6000rp8k,1763588723021,2025-11-19T21:45:23.021Z,-25.3104,-57.9221,46.851,5.0,mb,earthquake,South Sandwich Islands region,us,reviewed
us6000rp9f,1763600808241,2025-11-20T01:06:48.241Z,-178.7869,-31.52,101.526,5.1,mb,earthquake,Kermadec Islands region,us,reviewed
us6000rpa3,1763612394661,2025-11-20T04:19:54.661Z,127.1321,1.5341,132.062,5.1,mb,earthquake,"86 km NNW of Ternate, Indonesia",us,reviewed
us6000rpai,1763621984526,2025-11-20T06:59:44.526Z,128.4005,-3.7152,130.856,5.8,mww,earthquake,"24 km E of Ambon, Indonesia",us,reviewed
us6000rpc0,1763643001643,2025-11-20T12:50:01.643Z,-176.3853,-25.5159,109.129,5.4,mww,earthquake,south of the Fiji Islands,us,reviewed
us6000rpcc,1763650770824,2025-11-20T14:59:30.824Z,-16.0702,-35.4407,10.0,5.3,mww,earthquake,southern Mid-Atlantic Ridge,us,reviewed
us6000rpcg,1763654140331,2025-11-20T15:55:40.331Z,164.603,-11.4195,10.0,5.0,mb,earthquake,"151 km WSW of Lata, Solomon Islands",us,reviewed
us6000rpgr,1763681767747,2025-11-20T23:36:07.747Z,124.8124,25.6304,125.124,5.1,mww,earthquake,"104 km NNW of Hirara, Japan",us,reviewed
us6000rpht,1763699908942,2025-11-21T04:38:28.942Z,90.5404,23.8578,27.0,5.4,mww,earthquake,"14 km ESE of Tungi, Bangladesh",us,reviewed
us6000rpja,1763727724100,2025-11-21T12:22:04.100Z,143.5003,39.6845,11.0,5.5,mww,earthquake,"133 km E of Miyako, Japan",us,reviewed
us6000rpjb,1763728679521,2025-11-21T12:37:59.521Z,179.8473,-24.2434,515.967,5.6,mww,earthquake,south of the Fiji Islands,us,reviewed
us6000rpql,1763764689841,2025-11-21T22:38:09.841Z,158.5579,49.6656,12.0,5.6,mww,earthquake,"206 km SE of Severo-Kuril’sk, Russia",us,reviewed
us6000rpvb,1763836880057,2025-11-22T18:41:20.057Z,-84.0883,8.8416,10.998,5.1,mww,earthquake,"63 km WSW of Puerto Cortés, Costa Rica",us,reviewed
us6000rpwf,1763867995907,2025-11-23T03:19:55.907Z,128.5754,1.2954,10.0,5.3,mww,earthquake,"72 km NNE of Maba, Indonesia",us,reviewed
us6000rpwk,1763872762415,2025-11-23T04:39:22.415Z,95.8101,13.3595,10.0,5.3,mww,earthquake,"269 km WSW of Dawei, Burma (Myanmar)",us,reviewed
us6000rpxa,1763886104503,2025-11-23T08:21:44.503Z,-177.0161,51.3114,33.0,5.5,mww,earthquake,"67 km SSW of Adak, Alaska",us,reviewed
us6000rq2x,1763900477620,2025-11-23T12:21:17.620Z,40.672,13.588,3.0,5.5,mww,earthquake,"116 km WSW of Edd, Eritrea",us,reviewed
us6000rq2y,1763902433450,2025-11-23T12:53:53.450Z,40.672,13.588,3.0,5.4,mww,earthquake,"116 km WSW of Edd, Eritrea",us,reviewed
us6000rq0u,1763950862818,2025-11-24T02:21:02.818Z,-37.0622,7.5142,10.0,5.3,mww,earthquake,central Mid-Atlantic Ridge,us,reviewed
us6000rq27,1763977557072,2025-11-24T09:45:57.072Z,-178.826,-32.9642,33.61,5.0,mb,earthquake,south of the Kermadec Islands,us,reviewed
us7000rdlm,1764046049770,2025-11-25T04:47:29.770Z,159.6334,52.1975,38.797,5.3,mww,earthquake,"116 km SE of Vilyuchinsk, Russia",us,reviewed
us7000rdlr,1764046400283,2025-11-25T04:53:20.283Z,159.5367,52.2161,53.611,5.0,mb,earthquake,"110 km SE of Vilyuchinsk, Russia",us,reviewed
us7000rdmh,1764061277570,2025-11-25T09:01:17.570Z,131.0814,33.0317,10.0,5.3,mww,earthquake,"10 km N of Aso, Japan",us,reviewed
us7000rdmx,1764067518212,2025-11-25T10:45:18.212Z,126.1995,6.3406,71.508,5.4,mww,earthquake,"3 km SE of Pondaguitan, Philippines",us,reviewed
us7000rdre,1764090980791,2025-11-25T17:16:20.791Z,-168.1205,53.1481,66.444,5.0,mww,earthquake,"54 km ENE of Nikolski, Alaska",us,reviewed
us7000rdv0,1764125952335,2025-11-26T02:59:12.335Z,-173.5311,-15.0495,10.0,5.0,mb,earthquake,"104 km NNE of Hihifo, Tonga",us,reviewed
us7000rdxu,1764175437594,2025-11-26T16:43:57.594Z,144.2913,42.4544,81.265,5.0,mb,earthquake,"58 km S of Kushiro, Japan",us,reviewed
us7000rdze,1764180230583,2025-11-26T18:03:50.583Z,170.9494,-22.6098,10.0,5.2,mww,earthquake,southeast of the Loyalty Islands,us,reviewed
us7000rdzw,1764186863764,2025-11-26T19:54:23.764Z,96.8752,0.7377,10.0,5.0,mb,earthquake,"102 km SW of Gunungsitoli, Indonesia",us,reviewed
us7000re14,1764198042628,2025-11-26T23:00:42.628Z,122.7437,4.2042,10.0,5.0,mb,earthquake,"222 km SSE of Tabiauan, Philippines",us,reviewed
us7000re2g,1764219384368,2025-11-27T04:56:24.368Z,95.9543,2.7191,17.0,6.4,mww,earthquake,"54 km WNW of Sinabang, Indonesia",us,reviewed
ak2025xjbvhj,1764263489059,2025-11-27T17:11:29.059Z,-150.75079345703125,61.56951904296875,69.43339538574219,6.0,mww,earthquake,"12 km WNW of Susitna, Alaska",ak,reviewed
us7000rea0,1764300609169,2025-11-28T03:30:09.169Z,-174.8407,-15.3351,263.0,5.6,mww,earthquake,"131 km WNW of Hihifo, Tonga",us,reviewed
us7000reab,1764307107170,2025-11-28T05:18:27.170Z,-108.9253,-9.0856,10.0,5.3,mww,earthquake,central East Pacific Rise,us,reviewed
us7000ree1,1764336574628,2025-11-28T13:29:34.628Z,-14.3764,-14.1982,10.0,5.0,mb,earthquake,southern Mid-Atlantic Ridge,us,reviewed
us7000rehl,1764360368384,2025-11-28T20:06:08.384Z,-92.1037,15.3677,153.161,5.8,mww,earthquake,"7 km S of Amatenango de la Frontera, Mexico",us,reviewed
us7000reih,1764369989696,2025-11-28T22:46:29.696Z,-13.447,-47.5014,10.0,5.3,mb,earthquake,southern Mid-Atlantic Ridge,us,reviewed
us7000rejk,1764387247310,2025-11-29T03:34:07.310Z,156.2413,48.9607,13.482,5.0,mww,earthquake,"190 km S of Severo-Kuril’sk, Russia",us,reviewed
us7000rejp,1764390040436,2025-11-29T04:20:40.436Z,-13.4967,-7.9947,10.0,5.1,mww,earthquake,"101 km E of Georgetown, Saint Helena",us,reviewed
us7000rek7,1764396299183,2025-11-29T06:04:59.183Z,156.2641,-6.8742,154.765,5.1,mww,earthquake,"100 km SE of Kieta, Papua New Guinea",us,reviewed
us7000rekp,1764403433203,2025-11-29T08:03:53.203Z,151.8084,-52.366,10.0,5.9,mww,earthquake,west of Macquarie Island,us,reviewed
us7000relb,1764417003912,2025-11-29T11:50:03.912Z,166.4729,-13.715,10.0,5.0,mb,earthquake,"118 km W of Sola, Vanuatu",us,reviewed
us7000rena,1764456470658,2025-11-29T22:47:50.658Z,147.4508,-56.5108,10.0,5.8,mww,earthquake,west of Macquarie Island,us,reviewed
us7000renh,1764459766026,2025-11-29T23:42:46.026Z,-176.5717,-27.1631,36.374,5.3,mww,earthquake,Kermadec Islands region,us,reviewed
us7000reqc,1764497129877,2025-11-30T10:05:29.877Z,-176.2688,-26.9787,10.0,5.3,mww,earthquake,south of the Fiji Islands,us,reviewed
us7000reqv,1764505093489,2025-11-30T12:18:13.489Z,-143.8795,-56.0757,10.0,5.0,mb,earthquake,Pacific-Antarctic Ridge,us,reviewed
us7000reya,1764619512930,2025-12-01T20:05:12.930Z,161.4093,-10.2888,104.577,5.1,mww,earthquake,"58 km WNW of Kirakira, Solomon Islands",us,reviewed
us7000rez4,1764627667810,2025-12-01T22:21:07.810Z,-173.4586,51.648,35.0,5.1,mww,earthquake,"79 km SE of Atka, Alaska",us,reviewed
us7000rezc,1764630484871,2025-12-01T23:08:04.871Z,-176.4363,-27.1082,35.0,5.2,mww,earthquake,Kermadec Islands region,us,reviewed
us7000rf0s,1764652437568,2025-12-02T05:13:57.568Z,-176.2178,-26.8248,10.0,5.0,mww,earthquake,south of the Fiji Islands,us,reviewed
us7000rf12,1764660870673,2025-12-02T07:34:30.673Z,-40.681,9.3019,10.0,5.2,mww,earthquake,central Mid-Atlantic Ridge,us,reviewed
us7000rf19,1764669785574,2025-12-02T10:03:05.574Z,145.4636,42.94,52.509,5.0,mwr,earthquake,"43 km SSW of Nemuro, Japan",us,reviewed
us7000rf1g,1764673839290,2025-12-02T11:10:39.290Z,157.0808,50.0701,35.0,5.1,mww,earthquake,"95 km SE of Severo-Kuril’sk, Russia",us,reviewed
us7000rf1l,1764681384210,2025-12-02T13:16:24.210Z,98.6405,0.337,49.768,5.1,mb,earthquake,"96 km ESE of Teluk Dalam, Indonesia",us,reviewed
us6000rs3k,1764718528675,2025-12-02T23:35:28.675Z,-178.9541,-20.8566,620.0,5.6,mww,earthquake,Fiji region,us,reviewed
us6000rs80,1764780147392,2025-12-03T16:42:27.392Z,-178.4085,-31.5476,10.0,5.0,mb,earthquake,Kermadec Islands region,us,reviewed
us7000rfg1,1764817928064,2025-12-04T03:12:08.064Z,-128.1034,-55.3824,10.0,5.5,mww,earthquake,Pacific-Antarctic Ridge,us,reviewed
us7000rfg3,1764818075540,2025-12-04T03:14:35.540Z,-129.2594,-54.9048,10.0,5.1,mb,earthquake,Pacific-Antarctic Ridge,us,reviewed
us7000rfg4,1764819906323,2025-12-04T03:45:06.323Z,-95.6215,15.9145,34.753,5.2,mww,earthquake,"9 km SE of Santiago Astata, Mexico",us,reviewed
us7000rfg6,1764822191091,2025-12-04T04:23:11.091Z,125.646,-0.3169,76.161,5.0,mb,earthquake,"159 km ESE of Modisi, Indonesia",us,reviewed
us7000rfg8,1764822705462,2025-12-04T04:31:45.462Z,-179.2237,-21.4912,599.274,5.2,mb,earthquake,Fiji region,us,reviewed
us7000rfgy,1764834246341,2025-12-04T07:44:06.341Z,78.4441,41.0099,9.0,5.8,mww,earthquake,"136 km NNW of Tumxuk, China",us,reviewed
us7000rfi4,1764851756282,2025-12-04T12:35:56.282Z,-12.372,-19.9635,10.0,5.1,mb,earthquake,southern Mid-Atlantic Ridge,us,reviewed
us7000rflu,1764875580752,2025-12-04T19:13:00.752Z,-176.1569,-27.495,10.0,5.3,mb,earthquake,Kermadec Islands region,us,reviewed
us7000rfr9,1764931820258,2025-12-05T10:50:20.258Z,-62.065,-60.1833,10.0,5.2,mww,earthquake,Drake Passage,us,reviewed
us6000rsti,1764963220764,2025-12-05T19:33:40.764Z,-106.7426,18.6143,10.0,5.5,mww,earthquake,"201 km SW of José María Morelos, Mexico",us,reviewed
us6000rstu,1764967339305,2025-12-05T20:42:19.305Z,119.2705,-10.5681,16.04,5.1,mb,earthquake,"126 km S of Tambolaka, Indonesia",us,reviewed
us6000rsuv,1764981874405,2025-12-06T00:44:34.405Z,127.2482,1.6522,113.578,5.1,mb,earthquake,"85 km W of Tobelo, Indonesia",us,reviewed
us6000rsv5,1764987026110,2025-12-06T02:10:26.110Z,160.8653,52.5956,13.146,5.1,mb,earthquake,"159 km ESE of Petropavlovsk-Kamchatsky, Russia",us,reviewed
us6000rsx7,1765033939159,2025-12-06T15:12:19.159Z,-126.6904,-55.1495,10.0,5.1,mb,earthquake,southern East Pacific Rise,us,reviewed
us6000rsy1,1765053709288,2025-12-06T20:41:49.288Z,-139.5412,60.3127,10.317,7.0,mww,earthquake,2025 Hubbard Glacier Earthquake,us,reviewed
us6000rsy4,1765053970622,2025-12-06T20:46:10.622Z,-139.4012,60.3673,5.0,5.2,mb,earthquake,"93 km NNE of Yakutat, Alaska",us,reviewed
ak2025xzwrbu,1765054312900,2025-12-06T20:51:52.900Z,-139.35723876953125,60.31888580322266,10.75879955291748,5.087666993181132,ml,earthquake,"88 km NNE of Yakutat, Alaska",ak,reviewed
us6000rt18,1765073189937,2025-12-07T02:06:29.937Z,-177.4388,-16.7089,10.0,5.1,mb,earthquake,"274 km SSE of Alo, Wallis and Futuna",us,reviewed
us6000rt1y,1765081237162,2025-12-07T04:20:37.162Z,-140.0066,60.5616,7.321,5.2,mww,earthquake,"114 km N of Yakutat, Alaska",us,reviewed
us6000rt26,1765083353661,2025-12-07T04:55:53.661Z,131.0539,-6.6294,35.0,5.2,mb,earthquake,"218 km WSW of Tual, Indonesia",us,reviewed
us6000rt4z,1765109774872,2025-12-07T12:16:14.872Z,166.6608,-14.675,10.0,5.2,mb,earthquake,"60 km NW of Port-Olry, Vanuatu",us,reviewed
us7000rke3,1765109793041,2025-12-07T12:16:33.041Z,166.6769,-14.6843,10.0,5.5,mww,earthquake,"58 km NW of Port-Olry, Vanuatu",us,reviewed
us6000rt68,1765125250157,2025-12-07T16:34:10.157Z,156.8911,50.239,59.342,5.6,mww,earthquake,"72 km SE of Severo-Kuril’sk, Russia",us,reviewed
us6000rt9a,1765151434471,2025-12-07T23:50:34.471Z,-139.9162,60.5259,5.0,5.1,mww,earthquake,"109 km N of Yakutat, Alaska",us,reviewed
us6000rt9w,1765155410321,2025-12-08T00:56:50.321Z,-139.6253,60.3454,10.0,5.8,mww,earthquake,"89 km N of Yakutat, Alaska",us,reviewed
us6000rta5,1765157541643,2025-12-08T01:32:21.643Z,159.2599,51.485,35.0,5.0,mww,earthquake,"171 km SSE of Vilyuchinsk, Russia",us,reviewed
us6000rtch,1765189293892,2025-12-08T10:21:33.892Z,30.7856,37.1026,113.694,5.1,mww,earthquake,"23 km NNE of Antalya, Turkey",us,reviewed
us6000rtcw,1765193094434,2025-12-08T11:24:54.434Z,121.7444,23.8315,10.0,5.2,mww,earthquake,"21 km SE of Hualien City, Taiwan",us,reviewed
us6000rtdj,1765199906796,2025-12-08T13:18:26.796Z,69.4561,-24.0769,10.0,5.0,mww,earthquake,Mid-Indian Ridge,us,reviewed
us6000rtdt,1765203309896,2025-12-08T14:15:09.896Z,142.1836,40.9984,40.72,7.6,mww,earthquake,"2025 Aomori Prefecture, Japan Earthquake",us,reviewed
us6000rtdz,1765204419631,2025-12-08T14:33:39.631Z,142.4766,40.8889,35.0,5.5,mb,earthquake,"93 km ENE of Hachinohe, Japan",us,reviewed
us6000rtee,1765209476368,2025-12-08T15:57:56.368Z,143.0631,40.9443,39.127,5.0,mb,earthquake,"132 km S of Honchō, Japan",us,reviewed
us6000rtg8,1765219275496,2025-12-08T18:41:15.496Z,-25.4875,-58.8007,29.994,5.5,mb,earthquake,South Sandwich Islands region,us,reviewed
us6000rtgd,1765220188302,2025-12-08T18:56:28.302Z,143.1226,40.9878,22.788,6.0,mww,earthquake,"127 km S of Honchō, Japan",us,reviewed
us7000rmts,1765220470789,2025-12-08T19:01:10.789Z,143.2141,40.902,31.27,5.1,mb,earthquake,"138 km S of Honchō, Japan",us,reviewed
us6000rthp,1765225896800,2025-12-08T20:31:36.800Z,138.5544,11.1719,10.0,5.0,mb,earthquake,"189 km NNE of Colonia, Micronesia",us,reviewed
us6000rtie,1765230761325,2025-12-08T21:52:41.325Z,143.1504,40.9761,19.0,6.6,mww,earthquake,"129 km S of Honchō, Japan",us,reviewed
us6000rtin,1765231638802,2025-12-08T22:07:18.802Z,143.0169,41.117,49.582,5.0,mb,earthquake,"112 km S of Honchō, Japan",us,reviewed
us6000rtj4,1765238346545,2025-12-08T23:59:06.545Z,142.7591,40.8255,47.786,5.6,mb,earthquake,"109 km NE of Kuji, Japan",us,reviewed
us6000rtji,1765240627377,2025-12-09T00:37:07.377Z,-176.063,-27.0266,10.0,5.3,mb,earthquake,Kermadec Islands region,us,reviewed
us6000rtk2,1765249736832,2025-12-09T03:08:56.832Z,-177.5916,-32.6071,10.0,5.2,mb,earthquake,south of the Kermadec Islands,us,reviewed
us6000rtkx,1765263773594,2025-12-09T07:02:53.594Z,96.0351,2.5932,10.0,5.2,mww,earthquake,"40 km WNW of Sinabang, Indonesia",us,reviewed
us6000rtld,1765271387904,2025-12-09T09:09:47.904Z,142.2857,41.3127,60.104,5.0,mww,earthquake,"89 km E of Mutsu, Japan",us,reviewed
us6000rtln,1765275155083,2025-12-09T10:12:35.083Z,-26.5302,62.0873,10.0,5.0,mww,earthquake,"284 km SW of Grindavík, Iceland",us,reviewed
us6000rtql,1765312275801,2025-12-09T20:31:15.801Z,-176.0959,-26.7347,10.0,5.0,mb,earthquake,south of the Fiji Islands,us,reviewed
us6000rtqr,1765314019784,2025-12-09T21:00:19.784Z,-176.5252,-26.7021,26.267,5.3,mww,earthquake,south of the Fiji Islands,us,reviewed
us6000rttx,1765348706810,2025-12-10T06:38:26.810Z,-71.3853,-28.8423,44.747,5.2,mww,earthquake,"67 km WSW of Vallenar, Chile",us,reviewed
us6000rtuk,1765355228561,2025-12-10T08:27:08.561Z,-73.0156,6.7742,164.124,5.5,mww,earthquake,"5 km WNW of Cepitá, Colombia",us,reviewed
us6000rtvs,1765373415673,2025-12-10T13:30:15.673Z,154.8914,-6.3904,87.791,5.1,mb,earthquake,"66 km W of Panguna, Papua New Guinea",us,reviewed
us6000rtw5,1765378344118,2025-12-10T14:52:24.118Z,142.6725,40.9018,33.0,5.7,mww,earthquake,"108 km ENE of Hachinohe, Japan",us,reviewed
us6000ru41,1765454361849,2025-12-11T11:59:21.849Z,88.6555,32.9472,10.0,5.1,mb,earthquake,western Xizang,us,reviewed
us6000ru9w,1765490888665,2025-12-11T22:08:08.665Z,-178.2408,-18.1107,575.904,5.1,mb,earthquake,"258 km E of Levuka, Fiji",us,reviewed
us6000ru9z,1765490959485,2025-12-11T22:09:19.485Z,142.8124,41.1264,28.976,5.0,mww,earthquake,"111 km S of Honchō, Japan",us,reviewed
us6000ruay,1765499126009,2025-12-12T00:25:26.009Z,157.2249,48.4112,10.0,5.0,mb,earthquake,"264 km SSE of Severo-Kuril’sk, Russia",us,reviewed
us6000ruc4,1765507452841,2025-12-12T02:44:12.841Z,142.8131,40.8899,19.0,6.7,mww,earthquake,"117 km NE of Kuji, Japan",us,reviewed
us6000rucc,1765509699359,2025-12-12T03:21:39.359Z,142.937,40.997,32.637,5.3,mww,earthquake,"125 km S of Honchō, Japan",us,reviewed
us6000ruex,1765547761327,2025-12-12T13:56:01.327Z,-26.2882,-59.6091,104.606,5.1,mb,earthquake,South Sandwich Islands region,us,reviewed
us6000rufh,1765553667382,2025-12-12T15:34:27.382Z,78.9003,-31.4451,10.0,5.0,mb,earthquake,Mid-Indian Ridge,us,reviewed
us6000ruhx,1765561394444,2025-12-12T17:43:14.444Z,156.8617,50.8904,78.899,5.2,mww,earthquake,"57 km ENE of Severo-Kuril’sk, Russia",us,reviewed
us6000ruih,1765566192415,2025-12-12T19:03:12.415Z,137.523,32.3881,367.01,5.3,mww,earthquake,"202 km SE of Kushimoto, Japan",us,reviewed
us6000rumi,1765623060036,2025-12-13T10:51:00.036Z,178.3529,52.1512,108.0,5.5,mww,earthquake,"Rat Islands, Aleutian Islands, Alaska",us,reviewed
us6000run8,1765628325823,2025-12-13T12:18:45.823Z,-68.984,-21.2293,90.292,5.4,mww,earthquake,"75 km W of Ollagüe, Chile",us,reviewed
us6000runq,1765634673132,2025-12-13T14:04:33.132Z,-25.6684,-59.0011,72.555,5.0,mb,earthquake,South Sandwich Islands region,us,reviewed
us6000rur4,1765673895106,2025-12-14T00:58:15.106Z,101.3683,-3.2368,58.687,5.2,mb,earthquake,"117 km WNW of Bengkulu, Indonesia",us,reviewed
us6000rush,1765699091223,2025-12-14T07:58:11.223Z,143.6256,39.8072,10.0,5.0,mb,earthquake,"145 km E of Miyako, Japan",us,reviewed
us6000rusr,1765705482164,2025-12-14T09:44:42.164Z,-102.4356,-35.8507,10.0,5.4,mww,earthquake,southeast of Easter Island,us,reviewed
us6000rut1,1765713807070,2025-12-14T12:03:27.070Z,126.4277,1.9913,54.045,5.1,mb,earthquake,"156 km ENE of Bitung, Indonesia",us,reviewed
us6000ruvy,1765759394974,2025-12-15T00:43:14.974Z,-25.6748,-58.7745,71.668,5.3,mb,earthquake,South Sandwich Islands region,us,reviewed
us6000ruxv,1765786276123,2025-12-15T08:11:16.123Z,160.4527,51.8362,10.0,5.3,mww,earthquake,"184 km SE of Petropavlovsk-Kamchatsky, Russia",us,reviewed
us6000rv1u,1765827187552,2025-12-15T19:33:07.552Z,161.2012,51.7312,34.0,5.7,mww,earthquake,"229 km SE of Petropavlovsk-Kamchatsky, Russia",us,reviewed
us6000rv2c,1765828111030,2025-12-15T19:48:31.030Z,62.7506,-28.3037,10.0,5.0,mb,earthquake,Southwest Indian Ridge,us,reviewed
us6000rv4q,1765839972207,2025-12-15T23:06:12.207Z,145.8188,14.17,80.0,5.6,mww,earthquake,"90 km SSE of San Jose Village, Northern Mariana Islands",us,reviewed
us6000rv5e,1765842107437,2025-12-15T23:41:47.437Z,20.1314,37.4097,16.436,5.4,mww,earthquake,"70 km WSW of Lithakiá, Greece",us,reviewed
us6000rv85,1765863531412,2025-12-16T05:38:51.412Z,143.0232,40.9265,35.0,5.1,mww,earthquake,"133 km S of Honchō, Japan",us,reviewed
us6000rv8z,1765876725057,2025-12-16T09:18:45.057Z,163.4164,-11.6932,10.0,5.2,mww,earthquake,"213 km SE of Kirakira, Solomon Islands",us,reviewed
us6000rv9p,1765892655042,2025-12-16T13:44:15.042Z,-16.3214,-43.6591,10.0,5.1,mb,earthquake,southern Mid-Atlantic Ridge,us,reviewed
us6000rv9r,1765892724885,2025-12-16T13:45:24.885Z,-16.2259,-43.7809,10.0,5.0,mb,earthquake,southern Mid-Atlantic Ridge,us,reviewed
us6000rvd5,1765928054658,2025-12-16T23:34:14.658Z,149.5287,44.3837,35.0,5.1,mb,earthquake,"160 km SE of Kuril’sk, Russia",us,reviewed
us6000rvd3,1765928125281,2025-12-16T23:35:25.281Z,-148.6739,56.3789,9.697,5.0,mww,earthquake,"258 km ESE of Chiniak, Alaska",us,reviewed
us6000rve6,1765935850829,2025-12-17T01:44:10.829Z,148.0251,43.5441,10.0,5.2,mww,earthquake,"108 km ESE of Shikotan, Russia",us,reviewed
us6000rvfq,1765965018556,2025-12-17T09:50:18.556Z,142.346,41.2916,51.965,5.0,mb,earthquake,"94 km E of Mutsu, Japan",us,reviewed
us6000rvhe,1765991157315,2025-12-17T17:05:57.315Z,-25.2234,-58.6643,35.0,5.6,mww,earthquake,South Sandwich Islands region,us,reviewed
us6000rvhm,1765992208291,2025-12-17T17:23:28.291Z,-177.4109,-16.7324,400.264,5.4,mww,earthquake,"278 km SSE of Alo, Wallis and Futuna",us,reviewed
us6000rvkd,1766010607077,2025-12-17T22:30:07.077Z,168.5671,-18.4434,95.772,5.0,mww,earthquake,"82 km SSE of Port-Vila, Vanuatu",us,reviewed
us6000rvkl,1766012866062,2025-12-17T23:07:46.062Z,-82.5956,6.7182,10.0,5.6,mww,earthquake,"148 km SSE of Burica, Panama",us,reviewed
us6000rvl8,1766023172447,2025-12-18T01:59:32.447Z,169.2956,-20.3697,61.494,5.2,mww,earthquake,"91 km S of Isangel, Vanuatu",us,reviewed
us6000rvmc,1766035817659,2025-12-18T05:30:17.659Z,125.7798,1.3857,65.736,5.0,mb,earthquake,"72 km E of Bitung, Indonesia",us,reviewed
us6000rvmn,1766042864896,2025-12-18T07:27:44.896Z,121.2672,19.9353,18.0,5.5,mww,earthquake,"92 km SW of Basco, Philippines",us,reviewed
us6000rvnm,1766061439411,2025-12-18T12:37:19.411Z,159.953,52.8123,38.0,5.9,mww,earthquake,"93 km ESE of Petropavlovsk-Kamchatsky, Russia",us,reviewed
us7000rp7d,1766088574139,2025-12-18T20:09:34.139Z,162.8643,-61.9503,10.0,5.2,mww,earthquake,Balleny Islands region,us,reviewed
us6000rvwy,1766116955982,2025-12-19T04:02:35.982Z,126.9099,8.7018,35.0,5.2,mb,earthquake,"68 km E of Marihatag, Philippines",us,reviewed
us6000rvx4,1766120418291,2025-12-19T05:00:18.291Z,-179.5763,-15.7203,10.0,5.7,mww,earthquake,"138 km NE of Labasa, Fiji",us,reviewed
us6000rvxc,1766122750142,2025-12-19T05:39:10.142Z,69.2473,36.2913,35.0,5.3,mww,earthquake,"27 km NNE of Nahrīn, Afghanistan",us,reviewed
us6000rw3h,1766181594472,2025-12-19T21:59:54.472Z,-77.9623,-0.7716,10.0,5.1,mww,earthquake,"22 km NW of Archidona, Ecuador",us,reviewed
us6000rw5u,1766213829754,2025-12-20T06:57:09.754Z,172.771,-63.8087,10.0,5.6,mww,earthquake,Balleny Islands region,us,reviewed
us6000rw6a,1766226303976,2025-12-20T10:25:03.976Z,172.3365,-63.7108,10.0,5.3,mww,earthquake,Balleny Islands region,us,reviewed
us6000rw6b,1766226806018,2025-12-20T10:33:26.018Z,121.9251,0.4908,121.632,5.0,mww,earthquake,"126 km W of Gorontalo, Indonesia",us,reviewed
us6000rw6m,1766233827992,2025-12-20T12:30:27.992Z,146.0547,42.7096,10.0,5.2,mww,earthquake,"78 km SSE of Nemuro, Japan",us,reviewed
us6000rw6s,1766235534590,2025-12-20T12:58:54.590Z,145.9512,42.752,35.0,5.2,mb,earthquake,"70 km SSE of Nemuro, Japan",us,reviewed
us6000rw89,1766262624856,2025-12-20T20:30:24.856Z,-68.1067,-20.1183,151.442,5.3,mww,earthquake,"108 km SSE of Colchane, Chile",us,reviewed
us6000rw90,1766276544035,2025-12-21T00:22:24.035Z,147.8963,43.601,35.0,5.0,mb,earthquake,"97 km ESE of Shikotan, Russia",us,reviewed
us6000rw94,1766280543535,2025-12-21T01:29:03.535Z,142.0514,40.8014,57.224,5.4,mww,earthquake,"57 km ENE of Misawa, Japan",us,reviewed
us6000rw9k,1766282738318,2025-12-21T02:05:38.318Z,147.717,43.5958,35.0,5.1,mb,earthquake,"83 km ESE of Shikotan, Russia",us,reviewed
us6000rwa0,1766288879694,2025-12-21T03:47:59.694Z,148.0115,43.382,10.0,5.2,mww,earthquake,"114 km ESE of Shikotan, Russia",us,reviewed
us6000rwbj,1766289160794,2025-12-21T03:52:40.794Z,147.8847,43.4104,35.0,5.0,mb,earthquake,"103 km ESE of Shikotan, Russia",us,reviewed
us6000rwa3,1766289729714,2025-12-21T04:02:09.714Z,131.2933,-6.7507,44.811,5.1,mb,earthquake,"203 km SW of Tual, Indonesia",us,reviewed
us6000rwa4,1766289822576,2025-12-21T04:03:42.576Z,147.835,43.4097,35.0,5.0,mb,earthquake,"99 km ESE of Shikotan, Russia",us,reviewed
us6000rwai,1766294725421,2025-12-21T05:25:25.421Z,151.8606,-5.5625,33.352,5.2,mww,earthquake,"142 km SSW of Kokopo, Papua New Guinea",us,reviewed
us6000rwaw,1766300327794,2025-12-21T06:58:47.794Z,141.8354,34.7697,10.0,5.1,mb,earthquake,"140 km SE of Hasaki, Japan",us,reviewed
us6000rwbl,1766319705837,2025-12-21T12:21:45.837Z,126.392,1.4457,44.0,5.5,mww,earthquake,"132 km WNW of Ternate, Indonesia",us,reviewed
us6000rwby,1766322767995,2025-12-21T13:12:47.995Z,161.4223,-61.9909,10.0,5.0,mww,earthquake,Balleny Islands region,us,reviewed
us6000rwcs,1766339636743,2025-12-21T17:53:56.743Z,127.6817,8.3759,9.0,5.6,mww,earthquake,"139 km E of Barcelona, Philippines",us,reviewed
us6000rwea,1766358451508,2025-12-21T23:07:31.508Z,151.7579,-5.5178,48.587,5.3,mww,earthquake,"141 km SSW of Kokopo, Papua New Guinea",us,reviewed
us6000rwex,1766370023312,2025-12-22T02:20:23.312Z,-93.1789,14.3738,35.0,5.3,mww,earthquake,"90 km WSW of Puerto Madero, Mexico",us,reviewed
us6000rwgh,1766399487918,2025-12-22T10:31:27.918Z,145.5368,-5.7036,107.0,6.5,mww,earthquake,"45 km NNE of Goroka, Papua New Guinea",us,reviewed
us7000rkas,1766464354098,2025-12-23T04:32:34.098Z,51.8267,40.7155,49.334,5.1,mb,earthquake,"122 km NW of Türkmenbaşy, Turkmenistan",us,reviewed
us7000rkbm,1766483062202,2025-12-23T09:44:22.202Z,137.7749,33.1242,334.154,5.2,mww,earthquake,"160 km SSE of Shima, Japan",us,reviewed
us7000rkbp,1766483694368,2025-12-23T09:54:54.368Z,147.3239,-5.6145,208.225,5.2,mww,earthquake,"119 km NNW of Finschhafen, Papua New Guinea",us,reviewed
us7000rkc5,1766492185803,2025-12-23T12:16:25.803Z,-23.3069,-58.3364,10.0,5.0,mb,earthquake,South Sandwich Islands region,us,reviewed
us7000rkfp,1766522517853,2025-12-23T20:41:57.853Z,167.1377,-14.5564,157.0,5.6,mww,earthquake,"54 km N of Port-Olry, Vanuatu",us,reviewed
us7000rkjm,1766569626669,2025-12-24T09:47:06.669Z,121.2494,22.8982,8.0,6.0,mww,earthquake,"2025 Taitung, Taiwan Earthquake",us,reviewed
us7000rkke,1766583237678,2025-12-24T13:33:57.678Z,144.6297,13.0227,45.95,5.0,mb,earthquake,"27 km S of Merizo Village, Guam",us,reviewed
us7000rkkk,1766588435494,2025-12-24T15:00:35.494Z,143.3634,11.7846,12.0,5.7,mww,earthquake,"216 km SW of Merizo Village, Guam",us,reviewed
us7000rkmg,1766615851211,2025-12-24T22:37:31.211Z,1.1624,72.1242,10.0,5.0,mww,earthquake,Norwegian Sea,us,reviewed
us7000rkmf,1766615852484,2025-12-24T22:37:32.484Z,143.1062,11.7823,10.0,5.1,mww,earthquake,"236 km SW of Merizo Village, Guam",us,reviewed
us7000rkpd,1766650487433,2025-12-25T08:14:47.433Z,-36.3328,-61.1332,10.0,5.0,mb,earthquake,Scotia Sea,us,reviewed
us7000rkpt,1766656634894,2025-12-25T09:57:14.894Z,-176.2731,-26.6316,10.0,5.0,mww,earthquake,south of the Fiji Islands,us,reviewed
us7000rkqm,1766679461763,2025-12-25T16:17:41.763Z,142.4687,41.2106,54.143,5.6,mww,earthquake,"103 km E of Yokohama, Japan",us,reviewed
us7000rkup,1766724241248,2025-12-26T04:44:01.248Z,-61.856,-60.2506,10.0,5.1,mb,earthquake,Drake Passage,us,reviewed
us7000rkvc,1766738167520,2025-12-26T08:36:07.520Z,-176.9372,-14.5577,10.0,5.6,mww,earthquake,"129 km ESE of Alo, Wallis and Futuna",us,reviewed
us7000rkyq,1766790144826,2025-12-26T23:02:24.826Z,153.2228,-4.5433,84.163,5.2,mb,earthquake,"108 km ESE of Kokopo, Papua New Guinea",us,reviewed
us7000rkyz,1766794954022,2025-12-27T00:22:34.022Z,102.3691,-5.5456,25.0,5.4,mww,earthquake,"193 km S of Bengkulu, Indonesia",us,reviewed
us7000rkzt,1766797811630,2025-12-27T01:10:11.630Z,102.2674,-5.5338,10.0,5.1,mww,earthquake,"191 km S of Bengkulu, Indonesia",us,reviewed
us7000rl0a,1766802316091,2025-12-27T02:25:16.091Z,158.8076,49.6988,10.0,5.1,mb,earthquake,"220 km ESE of Severo-Kuril’sk, Russia",us,reviewed
us7000rl1p,1766832049838,2025-12-27T10:40:49.838Z,-63.1342,-28.2562,593.431,5.6,mww,earthquake,"37 km NW of Añatuya, Argentina",us,reviewed
us7000rl2n,1766847955388,2025-12-27T15:05:55.388Z,122.0354,24.6841,63.0,6.6,mww,earthquake,"29 km ESE of Yilan, Taiwan",us,reviewed
us7000rl57,1766890309922,2025-12-28T02:51:49.922Z,-79.039,-8.9834,58.0,6.2,mww,earthquake,"43 km W of Puerto Santa, Peru",us,reviewed
us7000rl5k,1766896581740,2025-12-28T04:36:21.740Z,-26.8249,-59.7567,37.676,5.1,mb,earthquake,South Sandwich Islands region,us,reviewed
us7000rl9j,1766963995859,2025-12-28T23:19:55.859Z,-79.0454,-9.0199,72.731,5.0,mb,earthquake,"43 km W of Puerto Santa, Peru",us,reviewed
us7000rlc8,1767008407886,2025-12-29T11:40:07.886Z,152.2946,-5.2545,51.498,5.1,mb,earthquake,"100 km S of Kokopo, Papua New Guinea",us,reviewed
us7000rlfw,1767068177852,2025-12-30T04:16:17.852Z,83.6078,-42.7194,10.0,5.1,mww,earthquake,Mid-Indian Ridge,us,reviewed
us7000rlha,1767082344579,2025-12-30T08:12:24.579Z,128.7241,27.549,11.0,5.5,mww,earthquake,"19 km NNE of Wadomari, Japan",us,reviewed
us7000rlhy,1767089839055,2025-12-30T10:17:19.055Z,-139.56,60.4206,5.0,5.1,mww,earthquake,"97 km N of Yakutat, Alaska",us,reviewed
us7000rli5,1767093727914,2025-12-30T11:22:07.914Z,155.195,-7.0521,10.0,5.1,mb,earthquake,"87 km SSW of Panguna, Papua New Guinea",us,reviewed
us7000rlkk,1767126364069,2025-12-30T20:26:04.069Z,-63.1477,-20.6323,553.819,5.3,mww,earthquake,"26 km SSE of Boyuibe, Bolivia",us,reviewed
us7000rln0,1767153627676,2025-12-31T04:00:27.676Z,147.7687,-57.2022,10.0,5.1,mww,earthquake,west of Macquarie Island,us,reviewed
us7000rlq2,1767189067356,2025-12-31T13:51:07.356Z,170.9097,-23.2349,10.0,5.0,mb,earthquake,southeast of the Loyalty Islands,us,reviewed
us7000rlq3,1767191217992,2025-12-31T14:26:57.992Z,142.9454,40.1161,27.0,6.0,mww,earthquake,"96 km E of Noda, Japan",us,reviewed
